--
-- PostgreSQL database dump
--

\restrict zxN7QCWw7J3Jdrvpqcj8bI5bhM9zo9bFvxjMvqUQ6FoSBUyC7TgDFsD5ZYRf2mV

-- Dumped from database version 18.0
-- Dumped by pg_dump version 18.0

SET statement_timeout = 0;
SET lock_timeout = 0;
SET idle_in_transaction_session_timeout = 0;
SET transaction_timeout = 0;
SET client_encoding = 'UTF8';
SET standard_conforming_strings = on;
SELECT pg_catalog.set_config('search_path', '', false);
SET check_function_bodies = false;
SET xmloption = content;
SET client_min_messages = warning;
SET row_security = off;

SET default_tablespace = '';

SET default_table_access_method = heap;

--
-- Name: accounts_department; Type: TABLE; Schema: public; Owner: postgres
--

CREATE TABLE public.accounts_department (
    id bigint NOT NULL,
    department_name character varying(100) NOT NULL,
    is_active boolean DEFAULT true NOT NULL
);


ALTER TABLE public.accounts_department OWNER TO postgres;

--
-- Name: accounts_department_id_seq; Type: SEQUENCE; Schema: public; Owner: postgres
--

ALTER TABLE public.accounts_department ALTER COLUMN id ADD GENERATED BY DEFAULT AS IDENTITY (
    SEQUENCE NAME public.accounts_department_id_seq
    START WITH 1
    INCREMENT BY 1
    NO MINVALUE
    NO MAXVALUE
    CACHE 1
);


--
-- Name: accounts_role; Type: TABLE; Schema: public; Owner: postgres
--

CREATE TABLE public.accounts_role (
    id bigint NOT NULL,
    role_name character varying(100) NOT NULL,
    is_active boolean DEFAULT true NOT NULL,
    department_id bigint
);


ALTER TABLE public.accounts_role OWNER TO postgres;

--
-- Name: accounts_role_id_seq; Type: SEQUENCE; Schema: public; Owner: postgres
--

ALTER TABLE public.accounts_role ALTER COLUMN id ADD GENERATED BY DEFAULT AS IDENTITY (
    SEQUENCE NAME public.accounts_role_id_seq
    START WITH 1
    INCREMENT BY 1
    NO MINVALUE
    NO MAXVALUE
    CACHE 1
);


--
-- Name: accounts_user; Type: TABLE; Schema: public; Owner: postgres
--

CREATE TABLE public.accounts_user (
    id bigint NOT NULL,
    password character varying(128) NOT NULL,
    last_login timestamp with time zone,
    is_superuser boolean NOT NULL,
    username character varying(150) NOT NULL,
    first_name character varying(150) NOT NULL,
    last_name character varying(150) NOT NULL,
    email character varying(254) NOT NULL,
    is_staff boolean NOT NULL,
    is_active boolean NOT NULL,
    date_joined timestamp with time zone NOT NULL,
    phone character varying(15),
    role_id bigint,
    department_id integer
);


ALTER TABLE public.accounts_user OWNER TO postgres;

--
-- Name: accounts_user_groups; Type: TABLE; Schema: public; Owner: postgres
--

CREATE TABLE public.accounts_user_groups (
    id bigint NOT NULL,
    user_id bigint NOT NULL,
    group_id integer NOT NULL
);


ALTER TABLE public.accounts_user_groups OWNER TO postgres;

--
-- Name: accounts_user_groups_id_seq; Type: SEQUENCE; Schema: public; Owner: postgres
--

ALTER TABLE public.accounts_user_groups ALTER COLUMN id ADD GENERATED BY DEFAULT AS IDENTITY (
    SEQUENCE NAME public.accounts_user_groups_id_seq
    START WITH 1
    INCREMENT BY 1
    NO MINVALUE
    NO MAXVALUE
    CACHE 1
);


--
-- Name: accounts_user_id_seq; Type: SEQUENCE; Schema: public; Owner: postgres
--

ALTER TABLE public.accounts_user ALTER COLUMN id ADD GENERATED BY DEFAULT AS IDENTITY (
    SEQUENCE NAME public.accounts_user_id_seq
    START WITH 1
    INCREMENT BY 1
    NO MINVALUE
    NO MAXVALUE
    CACHE 1
);


--
-- Name: accounts_user_user_permissions; Type: TABLE; Schema: public; Owner: postgres
--

CREATE TABLE public.accounts_user_user_permissions (
    id bigint NOT NULL,
    user_id bigint NOT NULL,
    permission_id integer NOT NULL
);


ALTER TABLE public.accounts_user_user_permissions OWNER TO postgres;

--
-- Name: accounts_user_user_permissions_id_seq; Type: SEQUENCE; Schema: public; Owner: postgres
--

ALTER TABLE public.accounts_user_user_permissions ALTER COLUMN id ADD GENERATED BY DEFAULT AS IDENTITY (
    SEQUENCE NAME public.accounts_user_user_permissions_id_seq
    START WITH 1
    INCREMENT BY 1
    NO MINVALUE
    NO MAXVALUE
    CACHE 1
);


--
-- Name: user_error; Type: TABLE; Schema: public; Owner: postgres
--

CREATE TABLE public.user_error (
    id bigint CONSTRAINT accounts_usererror_id_not_null NOT NULL,
    error_code character varying(10) CONSTRAINT accounts_usererror_error_code_not_null NOT NULL,
    error_message character varying(255) CONSTRAINT accounts_usererror_error_message_not_null NOT NULL,
    category character varying(100)
);


ALTER TABLE public.user_error OWNER TO postgres;

--
-- Name: accounts_usererror_id_seq; Type: SEQUENCE; Schema: public; Owner: postgres
--

ALTER TABLE public.user_error ALTER COLUMN id ADD GENERATED BY DEFAULT AS IDENTITY (
    SEQUENCE NAME public.accounts_usererror_id_seq
    START WITH 1
    INCREMENT BY 1
    NO MINVALUE
    NO MAXVALUE
    CACHE 1
);


--
-- Name: user_information; Type: TABLE; Schema: public; Owner: postgres
--

CREATE TABLE public.user_information (
    id bigint CONSTRAINT accounts_userinformation_id_not_null NOT NULL,
    information_code character varying(10) CONSTRAINT accounts_userinformation_information_code_not_null NOT NULL,
    information_text character varying(255) CONSTRAINT accounts_userinformation_information_text_not_null NOT NULL,
    category character varying
);


ALTER TABLE public.user_information OWNER TO postgres;

--
-- Name: accounts_userinformation_id_seq; Type: SEQUENCE; Schema: public; Owner: postgres
--

ALTER TABLE public.user_information ALTER COLUMN id ADD GENERATED BY DEFAULT AS IDENTITY (
    SEQUENCE NAME public.accounts_userinformation_id_seq
    START WITH 1
    INCREMENT BY 1
    NO MINVALUE
    NO MAXVALUE
    CACHE 1
);


--
-- Name: user_validation; Type: TABLE; Schema: public; Owner: postgres
--

CREATE TABLE public.user_validation (
    id bigint CONSTRAINT accounts_uservalidation_id_not_null NOT NULL,
    validation_code character varying(10) CONSTRAINT accounts_uservalidation_validation_code_not_null NOT NULL,
    validation_message character varying(255) CONSTRAINT accounts_uservalidation_validation_message_not_null NOT NULL,
    category character varying
);


ALTER TABLE public.user_validation OWNER TO postgres;

--
-- Name: accounts_uservalidation_id_seq; Type: SEQUENCE; Schema: public; Owner: postgres
--

ALTER TABLE public.user_validation ALTER COLUMN id ADD GENERATED BY DEFAULT AS IDENTITY (
    SEQUENCE NAME public.accounts_uservalidation_id_seq
    START WITH 1
    INCREMENT BY 1
    NO MINVALUE
    NO MAXVALUE
    CACHE 1
);


--
-- Name: addresses_address; Type: TABLE; Schema: public; Owner: postgres
--

CREATE TABLE public.addresses_address (
    id bigint NOT NULL,
    street character varying(255),
    city character varying(100),
    state character varying(100),
    postal_code character varying(20),
    country character varying(100) NOT NULL,
    created_at timestamp with time zone NOT NULL,
    user_id bigint NOT NULL,
    area character varying(255),
    district character varying(100),
    house_flat character varying(255),
    landmark character varying(255)
);


ALTER TABLE public.addresses_address OWNER TO postgres;

--
-- Name: addresses_address_id_seq; Type: SEQUENCE; Schema: public; Owner: postgres
--

ALTER TABLE public.addresses_address ALTER COLUMN id ADD GENERATED BY DEFAULT AS IDENTITY (
    SEQUENCE NAME public.addresses_address_id_seq
    START WITH 1
    INCREMENT BY 1
    NO MINVALUE
    NO MAXVALUE
    CACHE 1
);


--
-- Name: auth_group; Type: TABLE; Schema: public; Owner: postgres
--

CREATE TABLE public.auth_group (
    id integer NOT NULL,
    name character varying(150) NOT NULL
);


ALTER TABLE public.auth_group OWNER TO postgres;

--
-- Name: auth_group_id_seq; Type: SEQUENCE; Schema: public; Owner: postgres
--

ALTER TABLE public.auth_group ALTER COLUMN id ADD GENERATED BY DEFAULT AS IDENTITY (
    SEQUENCE NAME public.auth_group_id_seq
    START WITH 1
    INCREMENT BY 1
    NO MINVALUE
    NO MAXVALUE
    CACHE 1
);


--
-- Name: auth_group_permissions; Type: TABLE; Schema: public; Owner: postgres
--

CREATE TABLE public.auth_group_permissions (
    id bigint NOT NULL,
    group_id integer NOT NULL,
    permission_id integer NOT NULL
);


ALTER TABLE public.auth_group_permissions OWNER TO postgres;

--
-- Name: auth_group_permissions_id_seq; Type: SEQUENCE; Schema: public; Owner: postgres
--

ALTER TABLE public.auth_group_permissions ALTER COLUMN id ADD GENERATED BY DEFAULT AS IDENTITY (
    SEQUENCE NAME public.auth_group_permissions_id_seq
    START WITH 1
    INCREMENT BY 1
    NO MINVALUE
    NO MAXVALUE
    CACHE 1
);


--
-- Name: auth_permission; Type: TABLE; Schema: public; Owner: postgres
--

CREATE TABLE public.auth_permission (
    id integer NOT NULL,
    name character varying(255) NOT NULL,
    content_type_id integer NOT NULL,
    codename character varying(100) NOT NULL
);


ALTER TABLE public.auth_permission OWNER TO postgres;

--
-- Name: auth_permission_id_seq; Type: SEQUENCE; Schema: public; Owner: postgres
--

ALTER TABLE public.auth_permission ALTER COLUMN id ADD GENERATED BY DEFAULT AS IDENTITY (
    SEQUENCE NAME public.auth_permission_id_seq
    START WITH 1
    INCREMENT BY 1
    NO MINVALUE
    NO MAXVALUE
    CACHE 1
);


--
-- Name: department; Type: TABLE; Schema: public; Owner: postgres
--

CREATE TABLE public.department (
    id bigint NOT NULL,
    department_name character varying(128),
    is_active boolean DEFAULT true
);


ALTER TABLE public.department OWNER TO postgres;

--
-- Name: django_admin_log; Type: TABLE; Schema: public; Owner: postgres
--

CREATE TABLE public.django_admin_log (
    id integer NOT NULL,
    action_time timestamp with time zone NOT NULL,
    object_id text,
    object_repr character varying(200) NOT NULL,
    action_flag smallint NOT NULL,
    change_message text NOT NULL,
    content_type_id integer,
    user_id bigint NOT NULL,
    CONSTRAINT django_admin_log_action_flag_check CHECK ((action_flag >= 0))
);


ALTER TABLE public.django_admin_log OWNER TO postgres;

--
-- Name: django_admin_log_id_seq; Type: SEQUENCE; Schema: public; Owner: postgres
--

ALTER TABLE public.django_admin_log ALTER COLUMN id ADD GENERATED BY DEFAULT AS IDENTITY (
    SEQUENCE NAME public.django_admin_log_id_seq
    START WITH 1
    INCREMENT BY 1
    NO MINVALUE
    NO MAXVALUE
    CACHE 1
);


--
-- Name: django_content_type; Type: TABLE; Schema: public; Owner: postgres
--

CREATE TABLE public.django_content_type (
    id integer NOT NULL,
    app_label character varying(100) NOT NULL,
    model character varying(100) NOT NULL
);


ALTER TABLE public.django_content_type OWNER TO postgres;

--
-- Name: django_content_type_id_seq; Type: SEQUENCE; Schema: public; Owner: postgres
--

ALTER TABLE public.django_content_type ALTER COLUMN id ADD GENERATED BY DEFAULT AS IDENTITY (
    SEQUENCE NAME public.django_content_type_id_seq
    START WITH 1
    INCREMENT BY 1
    NO MINVALUE
    NO MAXVALUE
    CACHE 1
);


--
-- Name: django_migrations; Type: TABLE; Schema: public; Owner: postgres
--

CREATE TABLE public.django_migrations (
    id bigint NOT NULL,
    app character varying(255) NOT NULL,
    name character varying(255) NOT NULL,
    applied timestamp with time zone NOT NULL
);


ALTER TABLE public.django_migrations OWNER TO postgres;

--
-- Name: django_migrations_id_seq; Type: SEQUENCE; Schema: public; Owner: postgres
--

ALTER TABLE public.django_migrations ALTER COLUMN id ADD GENERATED BY DEFAULT AS IDENTITY (
    SEQUENCE NAME public.django_migrations_id_seq
    START WITH 1
    INCREMENT BY 1
    NO MINVALUE
    NO MAXVALUE
    CACHE 1
);


--
-- Name: django_session; Type: TABLE; Schema: public; Owner: postgres
--

CREATE TABLE public.django_session (
    session_key character varying(40) NOT NULL,
    session_data text NOT NULL,
    expire_date timestamp with time zone NOT NULL
);


ALTER TABLE public.django_session OWNER TO postgres;

--
-- Name: password_reset_otpcode; Type: TABLE; Schema: public; Owner: postgres
--

CREATE TABLE public.password_reset_otpcode (
    id bigint NOT NULL,
    email character varying(255) NOT NULL,
    otp_code character varying(6) NOT NULL,
    expiry_time timestamp with time zone NOT NULL
);


ALTER TABLE public.password_reset_otpcode OWNER TO postgres;

--
-- Name: password_reset_otpcode_id_seq; Type: SEQUENCE; Schema: public; Owner: postgres
--

ALTER TABLE public.password_reset_otpcode ALTER COLUMN id ADD GENERATED BY DEFAULT AS IDENTITY (
    SEQUENCE NAME public.password_reset_otpcode_id_seq
    START WITH 1
    INCREMENT BY 1
    NO MINVALUE
    NO MAXVALUE
    CACHE 1
);


--
-- Name: roles; Type: TABLE; Schema: public; Owner: postgres
--

CREATE TABLE public.roles (
    id bigint NOT NULL,
    role_name character varying(128),
    department_id bigint,
    is_active boolean DEFAULT true
);


ALTER TABLE public.roles OWNER TO postgres;

--
-- Name: viewprofile_userprofile; Type: TABLE; Schema: public; Owner: postgres
--

CREATE TABLE public.viewprofile_userprofile (
    id bigint NOT NULL,
    name character varying(200) NOT NULL,
    phone character varying(20) NOT NULL,
    email character varying(254) NOT NULL,
    house character varying(200) NOT NULL,
    street character varying(200) NOT NULL,
    landmark character varying(200) NOT NULL,
    area character varying(200) NOT NULL,
    district character varying(200) NOT NULL,
    state character varying(200) NOT NULL,
    country character varying(100) NOT NULL,
    pincode character varying(20) NOT NULL,
    created_at timestamp with time zone NOT NULL,
    updated_at timestamp with time zone NOT NULL,
    user_id bigint
);


ALTER TABLE public.viewprofile_userprofile OWNER TO postgres;

--
-- Name: viewprofile_userprofile_id_seq; Type: SEQUENCE; Schema: public; Owner: postgres
--

ALTER TABLE public.viewprofile_userprofile ALTER COLUMN id ADD GENERATED BY DEFAULT AS IDENTITY (
    SEQUENCE NAME public.viewprofile_userprofile_id_seq
    START WITH 1
    INCREMENT BY 1
    NO MINVALUE
    NO MAXVALUE
    CACHE 1
);


--
-- Data for Name: accounts_department; Type: TABLE DATA; Schema: public; Owner: postgres
--

INSERT INTO public.accounts_department (id, department_name, is_active) VALUES (1, 'General', true);
INSERT INTO public.accounts_department (id, department_name, is_active) VALUES (2, 'Executive / Leadership', true);
INSERT INTO public.accounts_department (id, department_name, is_active) VALUES (3, 'Human Resources (HR)', true);
INSERT INTO public.accounts_department (id, department_name, is_active) VALUES (4, 'Finance & Accounts', true);
INSERT INTO public.accounts_department (id, department_name, is_active) VALUES (5, 'Administration / Office Management', true);
INSERT INTO public.accounts_department (id, department_name, is_active) VALUES (6, 'Information Technology (IT)', true);
INSERT INTO public.accounts_department (id, department_name, is_active) VALUES (7, 'Software / Product / Engineering', true);
INSERT INTO public.accounts_department (id, department_name, is_active) VALUES (8, 'Operations', true);
INSERT INTO public.accounts_department (id, department_name, is_active) VALUES (9, 'Sales', true);
INSERT INTO public.accounts_department (id, department_name, is_active) VALUES (10, 'Marketing', true);
INSERT INTO public.accounts_department (id, department_name, is_active) VALUES (11, 'Customer Support / Service', true);
INSERT INTO public.accounts_department (id, department_name, is_active) VALUES (12, 'Procurement / Purchase', true);
INSERT INTO public.accounts_department (id, department_name, is_active) VALUES (13, 'Legal & Compliance', true);
INSERT INTO public.accounts_department (id, department_name, is_active) VALUES (14, 'Logistics & Supply Chain', true);
INSERT INTO public.accounts_department (id, department_name, is_active) VALUES (15, 'Research & Development (R&D)', true);
INSERT INTO public.accounts_department (id, department_name, is_active) VALUES (16, 'Quality Assurance / Quality Control', true);
INSERT INTO public.accounts_department (id, department_name, is_active) VALUES (17, 'Production / Manufacturing', true);
INSERT INTO public.accounts_department (id, department_name, is_active) VALUES (18, 'Security', true);
INSERT INTO public.accounts_department (id, department_name, is_active) VALUES (19, 'Facilities & Maintenance', true);
INSERT INTO public.accounts_department (id, department_name, is_active) VALUES (20, 'Training & Development', true);
INSERT INTO public.accounts_department (id, department_name, is_active) VALUES (21, 'Design / Creative', true);
INSERT INTO public.accounts_department (id, department_name, is_active) VALUES (22, 'Data & Analytics', true);
INSERT INTO public.accounts_department (id, department_name, is_active) VALUES (23, 'Corporate Strategy & Planning', true);
INSERT INTO public.accounts_department (id, department_name, is_active) VALUES (24, 'Public Relations & Communications', true);
INSERT INTO public.accounts_department (id, department_name, is_active) VALUES (25, 'CSR (Corporate Social Responsibility)', true);
INSERT INTO public.accounts_department (id, department_name, is_active) VALUES (26, 'Human Rights', true);
INSERT INTO public.accounts_department (id, department_name, is_active) VALUES (30, 'sample', true);
INSERT INTO public.accounts_department (id, department_name, is_active) VALUES (31, 'qwe', true);
INSERT INTO public.accounts_department (id, department_name, is_active) VALUES (39, 'aaaa', true);


--
-- Data for Name: accounts_role; Type: TABLE DATA; Schema: public; Owner: postgres
--

INSERT INTO public.accounts_role (id, role_name, is_active, department_id) VALUES (1, 'Admin', true, 1);
INSERT INTO public.accounts_role (id, role_name, is_active, department_id) VALUES (2, 'User', true, 1);
INSERT INTO public.accounts_role (id, role_name, is_active, department_id) VALUES (3, 'CEO', true, 2);
INSERT INTO public.accounts_role (id, role_name, is_active, department_id) VALUES (4, 'CTO', true, 2);
INSERT INTO public.accounts_role (id, role_name, is_active, department_id) VALUES (5, 'COO', true, 2);
INSERT INTO public.accounts_role (id, role_name, is_active, department_id) VALUES (6, 'CFO', true, 2);
INSERT INTO public.accounts_role (id, role_name, is_active, department_id) VALUES (7, 'Vice President', true, 2);
INSERT INTO public.accounts_role (id, role_name, is_active, department_id) VALUES (8, 'HR Manager', true, 3);
INSERT INTO public.accounts_role (id, role_name, is_active, department_id) VALUES (9, 'HR Executive', true, 3);
INSERT INTO public.accounts_role (id, role_name, is_active, department_id) VALUES (10, 'Recruiter / Talent Acquisition', true, 3);
INSERT INTO public.accounts_role (id, role_name, is_active, department_id) VALUES (11, 'Payroll Officer', true, 3);
INSERT INTO public.accounts_role (id, role_name, is_active, department_id) VALUES (12, 'HR Business Partner', true, 3);
INSERT INTO public.accounts_role (id, role_name, is_active, department_id) VALUES (13, 'Finance Manager', true, 4);
INSERT INTO public.accounts_role (id, role_name, is_active, department_id) VALUES (14, 'Accountant', true, 4);
INSERT INTO public.accounts_role (id, role_name, is_active, department_id) VALUES (15, 'Financial Analyst', true, 4);
INSERT INTO public.accounts_role (id, role_name, is_active, department_id) VALUES (16, 'Billing Executive', true, 4);
INSERT INTO public.accounts_role (id, role_name, is_active, department_id) VALUES (17, 'Internal Auditor', true, 4);
INSERT INTO public.accounts_role (id, role_name, is_active, department_id) VALUES (18, 'Admin Manager', true, 5);
INSERT INTO public.accounts_role (id, role_name, is_active, department_id) VALUES (19, 'Receptionist', true, 5);
INSERT INTO public.accounts_role (id, role_name, is_active, department_id) VALUES (20, 'Office Assistant', true, 5);
INSERT INTO public.accounts_role (id, role_name, is_active, department_id) VALUES (21, 'Front Office Executive', true, 5);
INSERT INTO public.accounts_role (id, role_name, is_active, department_id) VALUES (22, 'Procurement Assistant', true, 5);
INSERT INTO public.accounts_role (id, role_name, is_active, department_id) VALUES (23, 'IT Manager', true, 6);
INSERT INTO public.accounts_role (id, role_name, is_active, department_id) VALUES (24, 'System Administrator', true, 6);
INSERT INTO public.accounts_role (id, role_name, is_active, department_id) VALUES (25, 'Database Administrator', true, 6);
INSERT INTO public.accounts_role (id, role_name, is_active, department_id) VALUES (26, 'Network Engineer', true, 6);
INSERT INTO public.accounts_role (id, role_name, is_active, department_id) VALUES (27, 'DevOps Engineer', true, 6);
INSERT INTO public.accounts_role (id, role_name, is_active, department_id) VALUES (28, 'IT Support / Help Desk', true, 6);
INSERT INTO public.accounts_role (id, role_name, is_active, department_id) VALUES (29, 'Product Manager', true, 7);
INSERT INTO public.accounts_role (id, role_name, is_active, department_id) VALUES (30, 'Software Engineer', true, 7);
INSERT INTO public.accounts_role (id, role_name, is_active, department_id) VALUES (31, 'QA Engineer', true, 7);
INSERT INTO public.accounts_role (id, role_name, is_active, department_id) VALUES (32, 'UI/UX Designer', true, 7);
INSERT INTO public.accounts_role (id, role_name, is_active, department_id) VALUES (33, 'Solution Architect', true, 7);
INSERT INTO public.accounts_role (id, role_name, is_active, department_id) VALUES (34, 'Operations Manager', true, 8);
INSERT INTO public.accounts_role (id, role_name, is_active, department_id) VALUES (35, 'Process Associate', true, 8);
INSERT INTO public.accounts_role (id, role_name, is_active, department_id) VALUES (36, 'Supply Chain Manager', true, 8);
INSERT INTO public.accounts_role (id, role_name, is_active, department_id) VALUES (37, 'Inventory Controller', true, 8);
INSERT INTO public.accounts_role (id, role_name, is_active, department_id) VALUES (38, 'Warehouse Manager', true, 8);
INSERT INTO public.accounts_role (id, role_name, is_active, department_id) VALUES (39, 'Sales Manager', true, 9);
INSERT INTO public.accounts_role (id, role_name, is_active, department_id) VALUES (40, 'Sales Executive', true, 9);
INSERT INTO public.accounts_role (id, role_name, is_active, department_id) VALUES (41, 'Business Development Manager', true, 9);
INSERT INTO public.accounts_role (id, role_name, is_active, department_id) VALUES (42, 'Key Account Manager', true, 9);
INSERT INTO public.accounts_role (id, role_name, is_active, department_id) VALUES (43, 'Lead Generation Executive', true, 9);
INSERT INTO public.accounts_role (id, role_name, is_active, department_id) VALUES (44, 'Marketing Manager', true, 10);
INSERT INTO public.accounts_role (id, role_name, is_active, department_id) VALUES (45, 'SEO Specialist', true, 10);
INSERT INTO public.accounts_role (id, role_name, is_active, department_id) VALUES (46, 'Social Media Manager', true, 10);
INSERT INTO public.accounts_role (id, role_name, is_active, department_id) VALUES (47, 'Content Writer', true, 10);
INSERT INTO public.accounts_role (id, role_name, is_active, department_id) VALUES (48, 'Brand Manager', true, 10);
INSERT INTO public.accounts_role (id, role_name, is_active, department_id) VALUES (49, 'Customer Support Executive', true, 11);
INSERT INTO public.accounts_role (id, role_name, is_active, department_id) VALUES (50, 'Customer Success Manager', true, 11);
INSERT INTO public.accounts_role (id, role_name, is_active, department_id) VALUES (51, 'Call Center Agent', true, 11);
INSERT INTO public.accounts_role (id, role_name, is_active, department_id) VALUES (52, 'Technical Support Engineer', true, 11);
INSERT INTO public.accounts_role (id, role_name, is_active, department_id) VALUES (53, 'Purchase Manager', true, 12);
INSERT INTO public.accounts_role (id, role_name, is_active, department_id) VALUES (54, 'Vendor Manager', true, 12);
INSERT INTO public.accounts_role (id, role_name, is_active, department_id) VALUES (55, 'Buyer / Purchaser', true, 12);
INSERT INTO public.accounts_role (id, role_name, is_active, department_id) VALUES (56, 'Inventory Planner', true, 12);
INSERT INTO public.accounts_role (id, role_name, is_active, department_id) VALUES (57, 'Legal Advisor', true, 13);
INSERT INTO public.accounts_role (id, role_name, is_active, department_id) VALUES (58, 'Compliance Officer', true, 13);
INSERT INTO public.accounts_role (id, role_name, is_active, department_id) VALUES (59, 'Contract Manager', true, 13);
INSERT INTO public.accounts_role (id, role_name, is_active, department_id) VALUES (60, 'Company Secretary', true, 13);
INSERT INTO public.accounts_role (id, role_name, is_active, department_id) VALUES (61, 'Logistics Manager', true, 14);
INSERT INTO public.accounts_role (id, role_name, is_active, department_id) VALUES (62, 'Dispatch Coordinator', true, 14);
INSERT INTO public.accounts_role (id, role_name, is_active, department_id) VALUES (63, 'Shipping Coordinator', true, 14);
INSERT INTO public.accounts_role (id, role_name, is_active, department_id) VALUES (64, 'Supply Chain Analyst', true, 14);
INSERT INTO public.accounts_role (id, role_name, is_active, department_id) VALUES (65, 'R&D Scientist', true, 15);
INSERT INTO public.accounts_role (id, role_name, is_active, department_id) VALUES (66, 'Research Engineer', true, 15);
INSERT INTO public.accounts_role (id, role_name, is_active, department_id) VALUES (67, 'Lab Technician', true, 15);
INSERT INTO public.accounts_role (id, role_name, is_active, department_id) VALUES (68, 'QA/QC Manager', true, 16);
INSERT INTO public.accounts_role (id, role_name, is_active, department_id) VALUES (69, 'Quality Inspector', true, 16);
INSERT INTO public.accounts_role (id, role_name, is_active, department_id) VALUES (70, 'Process Compliance Officer', true, 16);
INSERT INTO public.accounts_role (id, role_name, is_active, department_id) VALUES (71, 'Production Manager', true, 17);
INSERT INTO public.accounts_role (id, role_name, is_active, department_id) VALUES (72, 'Machine Operator', true, 17);
INSERT INTO public.accounts_role (id, role_name, is_active, department_id) VALUES (73, 'Maintenance Engineer', true, 17);
INSERT INTO public.accounts_role (id, role_name, is_active, department_id) VALUES (74, 'Security Manager', true, 18);
INSERT INTO public.accounts_role (id, role_name, is_active, department_id) VALUES (75, 'Security Guard', true, 18);
INSERT INTO public.accounts_role (id, role_name, is_active, department_id) VALUES (76, 'CCTV Operator', true, 18);
INSERT INTO public.accounts_role (id, role_name, is_active, department_id) VALUES (77, 'Facility Manager', true, 19);
INSERT INTO public.accounts_role (id, role_name, is_active, department_id) VALUES (78, 'Electrician', true, 19);
INSERT INTO public.accounts_role (id, role_name, is_active, department_id) VALUES (79, 'Office Boy', true, 19);
INSERT INTO public.accounts_role (id, role_name, is_active, department_id) VALUES (80, 'Cleaner', true, 19);
INSERT INTO public.accounts_role (id, role_name, is_active, department_id) VALUES (81, 'Corporate Trainer', true, 20);
INSERT INTO public.accounts_role (id, role_name, is_active, department_id) VALUES (82, 'Training Manager', true, 20);
INSERT INTO public.accounts_role (id, role_name, is_active, department_id) VALUES (83, 'Training Coordinator', true, 20);
INSERT INTO public.accounts_role (id, role_name, is_active, department_id) VALUES (84, 'Graphic Designer', true, 21);
INSERT INTO public.accounts_role (id, role_name, is_active, department_id) VALUES (85, 'Video Editor', true, 21);
INSERT INTO public.accounts_role (id, role_name, is_active, department_id) VALUES (86, 'Animator', true, 21);
INSERT INTO public.accounts_role (id, role_name, is_active, department_id) VALUES (87, 'Creative Director', true, 21);
INSERT INTO public.accounts_role (id, role_name, is_active, department_id) VALUES (88, 'Data Analyst', true, 22);
INSERT INTO public.accounts_role (id, role_name, is_active, department_id) VALUES (89, 'Data Scientist', true, 22);
INSERT INTO public.accounts_role (id, role_name, is_active, department_id) VALUES (90, 'BI Developer', true, 22);
INSERT INTO public.accounts_role (id, role_name, is_active, department_id) VALUES (91, 'Strategy Manager', true, 23);
INSERT INTO public.accounts_role (id, role_name, is_active, department_id) VALUES (92, 'Business Analyst', true, 23);
INSERT INTO public.accounts_role (id, role_name, is_active, department_id) VALUES (93, 'Project Manager', true, 23);
INSERT INTO public.accounts_role (id, role_name, is_active, department_id) VALUES (94, 'PMO Lead', true, 23);
INSERT INTO public.accounts_role (id, role_name, is_active, department_id) VALUES (95, 'PR Manager', true, 24);
INSERT INTO public.accounts_role (id, role_name, is_active, department_id) VALUES (96, 'Communications Executive', true, 24);
INSERT INTO public.accounts_role (id, role_name, is_active, department_id) VALUES (97, 'Event Coordinator', true, 24);
INSERT INTO public.accounts_role (id, role_name, is_active, department_id) VALUES (98, 'CSR Manager', true, 25);
INSERT INTO public.accounts_role (id, role_name, is_active, department_id) VALUES (99, 'CSR Coordinator', true, 25);
INSERT INTO public.accounts_role (id, role_name, is_active, department_id) VALUES (100, 'Sustainability Officer', true, 25);
INSERT INTO public.accounts_role (id, role_name, is_active, department_id) VALUES (101, 'Human rights manager', true, 26);
INSERT INTO public.accounts_role (id, role_name, is_active, department_id) VALUES (102, 'Human rights female officer', true, 26);
INSERT INTO public.accounts_role (id, role_name, is_active, department_id) VALUES (104, 'human rights advisor', true, 26);
INSERT INTO public.accounts_role (id, role_name, is_active, department_id) VALUES (117, 'aa1', true, 39);
INSERT INTO public.accounts_role (id, role_name, is_active, department_id) VALUES (118, 'aa11', true, 39);


--
-- Data for Name: accounts_user; Type: TABLE DATA; Schema: public; Owner: postgres
--

INSERT INTO public.accounts_user (id, password, last_login, is_superuser, username, first_name, last_name, email, is_staff, is_active, date_joined, phone, role_id, department_id) VALUES (9, 'pbkdf2_sha256$1000000$e66TahiFAlGAVHlZ4ABdLK$RsJd6OMl2EQQWTbLOHOUGOC7Pm0mFnI6Hv70kwFqjCg=', NULL, false, 'jay', '', '', 'jay@gmail.com', false, true, '2025-10-28 22:12:17.547057+05:30', '7898332292', 25, 6);
INSERT INTO public.accounts_user (id, password, last_login, is_superuser, username, first_name, last_name, email, is_staff, is_active, date_joined, phone, role_id, department_id) VALUES (13, 'pbkdf2_sha256$1000000$9WNbA7pnVqpwYn0RHnqmdz$HYiQQK0l39UalowfJbj41Kq4HB+JFaMyRnsz4685A+w=', NULL, false, 'cherry', '', '', 'cheery@gmail.com', false, true, '2025-10-30 12:31:39.67127+05:30', '9898332202', 33, 7);
INSERT INTO public.accounts_user (id, password, last_login, is_superuser, username, first_name, last_name, email, is_staff, is_active, date_joined, phone, role_id, department_id) VALUES (14, 'pbkdf2_sha256$1000000$OiFeNjGdoSccj25iDhQGQo$xczCLeTIo3RmhtIwYj4r0UYskQ6Q+2J0H2vlgPXgSd0=', NULL, false, 'aditya', 'adi', 'tya', 'aditya@gmail.com', false, true, '2025-10-30 12:52:22.240358+05:30', '8723112239', 2, 1);
INSERT INTO public.accounts_user (id, password, last_login, is_superuser, username, first_name, last_name, email, is_staff, is_active, date_joined, phone, role_id, department_id) VALUES (43, 'pbkdf2_sha256$1000000$UabTASRjroP4Ya7vDva92T$SbWkZVW4Y7DM+wDbQuHPQ8jhLG4MWgzOJ+PoEzR7yJI=', NULL, false, 'tony', 'tony', 't', 'ane32653@gmail.com', false, true, '2025-11-07 18:27:37.217071+05:30', '7989332202', 2, 1);
INSERT INTO public.accounts_user (id, password, last_login, is_superuser, username, first_name, last_name, email, is_staff, is_active, date_joined, phone, role_id, department_id) VALUES (70, 'pbkdf2_sha256$1000000$EJu3n1YkDiBZDTL4jmyOdq$zTcEy8IllJ/C1cDEOPAUd8rB6iwLNcU5NDQEsSnJZbc=', NULL, false, 'surya', 'surya', 'SJ', 'surya@gmail.com', false, true, '2025-11-14 10:04:22.217522+05:30', '7621334423', 2, 1);
INSERT INTO public.accounts_user (id, password, last_login, is_superuser, username, first_name, last_name, email, is_staff, is_active, date_joined, phone, role_id, department_id) VALUES (53, 'pbkdf2_sha256$1000000$wIcr0Rwru2M3FcfJWU69P2$cHYK1Pu8KH0wDj9clc2VZZgh2AXKZzxmrS1ILfSXEZc=', NULL, false, 'sample', 'sample', 'S', 'yaswanths1th001@gmail.com', false, true, '2025-11-11 23:52:41.944981+05:30', '7989332202', 2, 1);
INSERT INTO public.accounts_user (id, password, last_login, is_superuser, username, first_name, last_name, email, is_staff, is_active, date_joined, phone, role_id, department_id) VALUES (4, 'pbkdf2_sha256$1000000$jKbAG9yyJAfl6B4w2GZ8UO$YWr5ZLQ4oO9GQ6vcw5WZDwyQMkIjJQJBpbJ2fS/qeK8=', NULL, true, 'yash', 'B', 'insane', 'yash@gmail.com', true, true, '2024-01-01 00:00:00+05:30', NULL, 32, 7);
INSERT INTO public.accounts_user (id, password, last_login, is_superuser, username, first_name, last_name, email, is_staff, is_active, date_joined, phone, role_id, department_id) VALUES (20, 'pbkdf2_sha256$1000000$6ftjH9Y9lmLw1rUBiPHThu$KV4BGJCP3wXRAhdOs+jm7NktQJmLvIbTc7cjhGAyZWQ=', NULL, false, 'raina', 'sureshh', 'Rainaa', 'raina@gmail.com', false, true, '2025-10-30 19:24:10.544914+05:30', '9892112202', 34, 8);
INSERT INTO public.accounts_user (id, password, last_login, is_superuser, username, first_name, last_name, email, is_staff, is_active, date_joined, phone, role_id, department_id) VALUES (5, 'pbkdf2_sha256$1000000$EaLDbhMNGybNakIEPwEHCG$ziCuUYe/tW3F/BdX4ywG7pZN7toNQpgLfeGDOKHQuMA=', '2025-11-12 13:48:23.583867+05:30', true, 'admin', 'Yaswanth', 'B', 'yaswanths1th9999@gmail.com', true, true, '2025-10-27 17:47:21.683814+05:30', '7989332202', 1, 1);
INSERT INTO public.accounts_user (id, password, last_login, is_superuser, username, first_name, last_name, email, is_staff, is_active, date_joined, phone, role_id, department_id) VALUES (47, 'pbkdf2_sha256$1000000$NTjHZhFYoFlmD1TvQyKlqd$rfu6DMoLE6CH+JOAsHzGzu0wp3xoDmZMmCzceJAlY0U=', NULL, false, 'tarak9999', 'tarak', 'ntr', 'tarak@gmail.com', false, true, '2025-11-11 15:49:54.079383+05:30', '7821342134', 2, 1);
INSERT INTO public.accounts_user (id, password, last_login, is_superuser, username, first_name, last_name, email, is_staff, is_active, date_joined, phone, role_id, department_id) VALUES (8, 'pbkdf2_sha256$1000000$jKbAG9yyJAfl6B4w2GZ8UO$YWr5ZLQ4oO9GQ6vcw5WZDwyQMkIjJQJBpbJ2fS/qeK8=', NULL, true, 'a', 'b', 'c', 'abc@gmail.com', true, true, '2025-01-01 00:00:00+05:30', NULL, 1, NULL);
INSERT INTO public.accounts_user (id, password, last_login, is_superuser, username, first_name, last_name, email, is_staff, is_active, date_joined, phone, role_id, department_id) VALUES (10, 'pbkdf2_sha256$1000000$lUUQpF4DnqXcWMPfDQaDnP$z9DVUIO9/0HZd5NGeJC1v6EkhjWu3qEPbeWo+YV+AVE=', NULL, false, 'insane', '', '', 'jayinsane@gmail.com', false, true, '2025-10-28 22:20:22.732501+05:30', '7898332292', 2, NULL);
INSERT INTO public.accounts_user (id, password, last_login, is_superuser, username, first_name, last_name, email, is_staff, is_active, date_joined, phone, role_id, department_id) VALUES (11, 'pbkdf2_sha256$1000000$Xg1Fv2Aq5Xxr833QYohmIy$osBDDMnf4MBIy12ZtW9qNw+ufnNJNOze9jd+ovNWxmI=', NULL, false, 'mahi', '', '', 'mahi@gmail.com', false, true, '2025-10-29 09:57:57.673722+05:30', '8898798923', 2, NULL);
INSERT INTO public.accounts_user (id, password, last_login, is_superuser, username, first_name, last_name, email, is_staff, is_active, date_joined, phone, role_id, department_id) VALUES (12, 'pbkdf2_sha256$1000000$I6STJBunKFzjuvnDSpnEK0$zyENQoeFmjHmWcHpTVPQBn+uMCyqOwtObsg1hy9C9VY=', NULL, false, 'eshwar', '', '', 'eshwar@gmail.com', false, true, '2025-10-29 10:44:19.706539+05:30', '9843223323', 2, NULL);
INSERT INTO public.accounts_user (id, password, last_login, is_superuser, username, first_name, last_name, email, is_staff, is_active, date_joined, phone, role_id, department_id) VALUES (17, 'pbkdf2_sha256$1000000$hvIJ103X1WPLp15XDF949J$UV1Pk2tLradJ9vEsE/FKWGDBlbcNfWg/ZQI8nIPPMtY=', NULL, false, 'lokesh', '', '', 'lokesh@gmail.com', false, true, '2025-10-30 16:25:54.000587+05:30', '8833229920', 2, NULL);
INSERT INTO public.accounts_user (id, password, last_login, is_superuser, username, first_name, last_name, email, is_staff, is_active, date_joined, phone, role_id, department_id) VALUES (19, 'pbkdf2_sha256$1000000$pFwjbd9rBrelsBvuve9eut$OuHh0MzpKX83yLqPAndFcgFy0BLzvChLumnxh7fZp5c=', NULL, false, 'insaneyash', '', '', 'insaneyash@gmail.com', false, true, '2025-10-30 18:47:39.168079+05:30', '07989332202', 2, NULL);
INSERT INTO public.accounts_user (id, password, last_login, is_superuser, username, first_name, last_name, email, is_staff, is_active, date_joined, phone, role_id, department_id) VALUES (21, 'pbkdf2_sha256$1000000$COikW3xjck85gBEGZoAIrv$r5OubGL8YV+5u1ue5t1qZ8OeRgHVHt6afzGHcm0ZCGQ=', NULL, false, 'Pavan', '', '', 'pavansri688@gmail.com', false, true, '2025-10-30 20:21:07.452325+05:30', '9000766649', 2, NULL);
INSERT INTO public.accounts_user (id, password, last_login, is_superuser, username, first_name, last_name, email, is_staff, is_active, date_joined, phone, role_id, department_id) VALUES (25, 'pbkdf2_sha256$1000000$1l5D5WBnEYPxjPJXIfHn1T$su3tnh5NtANItjk3iIrp+mzil15/5PyxzBojn8qNosM=', NULL, false, 'atester', 'AA', 'TESTER', 'atester@gmail.com', false, true, '2025-11-01 16:41:37.849115+05:30', '8972112202', 2, NULL);
INSERT INTO public.accounts_user (id, password, last_login, is_superuser, username, first_name, last_name, email, is_staff, is_active, date_joined, phone, role_id, department_id) VALUES (29, 'pbkdf2_sha256$1000000$CLX9XeXBOZ9XAXLSfQyRJh$LQWF3kLHvNjwhUiXuWMB9Qsec+ju2bzqTiBATZONGb8=', NULL, false, 'sureshj', 'suresh', 'jana', 'janasuresh2017@gmail.com', false, true, '2025-11-03 09:42:55.602865+05:30', '7680030777', 2, NULL);
INSERT INTO public.accounts_user (id, password, last_login, is_superuser, username, first_name, last_name, email, is_staff, is_active, date_joined, phone, role_id, department_id) VALUES (34, '', NULL, false, 'addedbyadmin1', 'addedby', 'admin1', 'addedbyadmin1@gmail.com', false, true, '2025-11-06 12:18:52.976416+05:30', '', 2, NULL);
INSERT INTO public.accounts_user (id, password, last_login, is_superuser, username, first_name, last_name, email, is_staff, is_active, date_joined, phone, role_id, department_id) VALUES (22, 'pbkdf2_sha256$1000000$5nu2V1Lb1YSm7HGsBdchb3$lESlBEkfMDH5yu62pW1NJ3KaxFP4T3p3wBDx+HQSqL4=', NULL, false, 'jayinsane', 'insane', 'Here', 'insaneflash001@gmail.com', false, true, '2025-10-31 23:09:24.343595+05:30', '7989332202', 2, NULL);
INSERT INTO public.accounts_user (id, password, last_login, is_superuser, username, first_name, last_name, email, is_staff, is_active, date_joined, phone, role_id, department_id) VALUES (33, '', NULL, false, 'addedbyadmin', 'added', 'admin', 'adminadd@gmail.com', false, true, '2025-11-06 12:16:17.8165+05:30', '7672392331', 25, 6);
INSERT INTO public.accounts_user (id, password, last_login, is_superuser, username, first_name, last_name, email, is_staff, is_active, date_joined, phone, role_id, department_id) VALUES (35, 'pbkdf2_sha256$1000000$VZFziwOnODqMMRpfPFK7k0$ZFMg5OFSwtJQGcIvAx6BCwoHn29NFcq37jvsPmxIMa0=', NULL, false, 'sam', 'sam', 'd', 'sam@gmail.com', false, true, '2025-11-06 16:50:20.602159+05:30', '7621334423', 2, 1);
INSERT INTO public.accounts_user (id, password, last_login, is_superuser, username, first_name, last_name, email, is_staff, is_active, date_joined, phone, role_id, department_id) VALUES (65, 'pbkdf2_sha256$1000000$bMEwaAEYjsiQqLQ4adcgur$Uw6nJIKUE1BRnPDmbt9nM13R2cSsAG0hqeYKH5nPvRc=', NULL, false, 'thalapathy', 'maahi', 'J', 'mahendra200310@gmail.com', false, true, '2025-11-13 17:19:09.47607+05:30', '7680030777', 1, 1);


--
-- Data for Name: accounts_user_groups; Type: TABLE DATA; Schema: public; Owner: postgres
--



--
-- Data for Name: accounts_user_user_permissions; Type: TABLE DATA; Schema: public; Owner: postgres
--



--
-- Data for Name: addresses_address; Type: TABLE DATA; Schema: public; Owner: postgres
--

INSERT INTO public.addresses_address (id, street, city, state, postal_code, country, created_at, user_id, area, district, house_flat, landmark) VALUES (2, '2nd floor,fms building, jambagh, koti, chowrastha', 'Hyderabad', 'Telangana', '500001', 'India', '2025-10-30 16:26:49.724032+05:30', 17, NULL, NULL, NULL, NULL);
INSERT INTO public.addresses_address (id, street, city, state, postal_code, country, created_at, user_id, area, district, house_flat, landmark) VALUES (4, '3rd floor , 2nd Street, SBI Bank, Mandapeta', 'East Godavari', 'Andhra Pradesh', '533308', 'India', '2025-10-30 20:22:37.203157+05:30', 21, NULL, NULL, NULL, NULL);
INSERT INTO public.addresses_address (id, street, city, state, postal_code, country, created_at, user_id, area, district, house_flat, landmark) VALUES (9, '8th line', 'Chennai', 'Tamil Nadu', '600001', 'India', '2025-11-01 16:42:54.502032+05:30', 25, 'shollingnallur', 'CHENNAI', '1st floor', 'mango tree opp');
INSERT INTO public.addresses_address (id, street, city, state, postal_code, country, created_at, user_id, area, district, house_flat, landmark) VALUES (21, '9', 'Nampally', 'Telangana', '500001', 'India', '2025-11-06 12:18:53.057833+05:30', 34, '', 'Hyderabad', '9', '');
INSERT INTO public.addresses_address (id, street, city, state, postal_code, country, created_at, user_id, area, district, house_flat, landmark) VALUES (19, '33', 'Chirala', 'Andhra Pradesh', '523187', 'India', '2025-11-06 08:38:29.581312+05:30', 22, '', 'Prakasam', '33', '');
INSERT INTO public.addresses_address (id, street, city, state, postal_code, country, created_at, user_id, area, district, house_flat, landmark) VALUES (14, '2nd street', 'Tirumalagiri', 'Telangana', '500094', 'India', '2025-11-03 09:44:44.864754+05:30', 29, 'hitechcity', 'Hyderabad', '120', 'near bank');
INSERT INTO public.addresses_address (id, street, city, state, postal_code, country, created_at, user_id, area, district, house_flat, landmark) VALUES (22, '1', 'Tondiarpet Fort St George', 'Tamil Nadu', '600003', 'India', '2025-11-06 17:06:54.537243+05:30', 35, '1', 'Chennai', '1', '1');
INSERT INTO public.addresses_address (id, street, city, state, postal_code, country, created_at, user_id, area, district, house_flat, landmark) VALUES (29, '99', 'Saroornagar', 'Telangana', '500005', 'India', '2025-11-11 15:50:49.371599+05:30', 47, 'RFC', 'K.V.Rangareddy', '9', '');
INSERT INTO public.addresses_address (id, street, city, state, postal_code, country, created_at, user_id, area, district, house_flat, landmark) VALUES (5, 'jambagh, chowrastha, koti', 'Hyderabad', 'Telangana', '500094', 'India', '2025-10-31 10:09:04.132046+05:30', 20, 'chowrastha', 'rr', '21', 'near temple');
INSERT INTO public.addresses_address (id, street, city, state, postal_code, country, created_at, user_id, area, district, house_flat, landmark) VALUES (16, '2,', 'Chennai', 'Tamil Nadu', '600001', 'India', '2025-11-05 17:09:51.254162+05:30', 5, 'dg', 'Chennai', '1,', 'dfg');
INSERT INTO public.addresses_address (id, street, city, state, postal_code, country, created_at, user_id, area, district, house_flat, landmark) VALUES (32, '33', 'Chennai', 'Tamil Nadu', '600001', 'India', '2025-11-11 23:52:42.918529+05:30', 53, '', 'Chennai', '33', '');
INSERT INTO public.addresses_address (id, street, city, state, postal_code, country, created_at, user_id, area, district, house_flat, landmark) VALUES (44, '77', 'Malikipuram', 'Andhra Pradesh', '533253', 'India', '2025-11-13 17:19:10.293059+05:30', 65, '77', 'East Godavari', '333', NULL);
INSERT INTO public.addresses_address (id, street, city, state, postal_code, country, created_at, user_id, area, district, house_flat, landmark) VALUES (24, '33', 'Chirala', 'Andhra Pradesh', '523187', 'India', '2025-11-07 11:35:47.204638+05:30', 4, 'apt', 'Prakasam', '3', '');
INSERT INTO public.addresses_address (id, street, city, state, postal_code, country, created_at, user_id, area, district, house_flat, landmark) VALUES (25, '1', 'Chennai', 'Tamil Nadu', '600001', 'India', '2025-11-07 11:36:22.246443+05:30', 9, 'shollingnallur', 'Chennai', '333', '');
INSERT INTO public.addresses_address (id, street, city, state, postal_code, country, created_at, user_id, area, district, house_flat, landmark) VALUES (20, '9', 'Chirala', 'Andhra Pradesh', '523135', 'India', '2025-11-06 12:16:17.887207+05:30', 33, '', 'Prakasam', '9', '');
INSERT INTO public.addresses_address (id, street, city, state, postal_code, country, created_at, user_id, area, district, house_flat, landmark) VALUES (26, '2nd street', 'Nampally', 'Telangana', '500001', 'India', '2025-11-07 18:27:37.933149+05:30', 43, 'chowrastha', 'Hyderabad', '3', NULL);
INSERT INTO public.addresses_address (id, street, city, state, postal_code, country, created_at, user_id, area, district, house_flat, landmark) VALUES (17, '9th', 'Nampally', 'Telangana', '500001', 'India', '2025-11-06 08:26:40.051454+05:30', 14, 'hyd', 'Hyderabad', '120', 'koti');
INSERT INTO public.addresses_address (id, street, city, state, postal_code, country, created_at, user_id, area, district, house_flat, landmark) VALUES (13, 'BVS', 'Chennai', 'Tamil Nadu', '600001', 'India', '2025-11-02 11:01:40.086069+05:30', 5, 'shollingnallur', 'Chennai', '333', 'near temple');


--
-- Data for Name: auth_group; Type: TABLE DATA; Schema: public; Owner: postgres
--



--
-- Data for Name: auth_group_permissions; Type: TABLE DATA; Schema: public; Owner: postgres
--



--
-- Data for Name: auth_permission; Type: TABLE DATA; Schema: public; Owner: postgres
--

INSERT INTO public.auth_permission (id, name, content_type_id, codename) VALUES (1, 'Can add log entry', 1, 'add_logentry');
INSERT INTO public.auth_permission (id, name, content_type_id, codename) VALUES (2, 'Can change log entry', 1, 'change_logentry');
INSERT INTO public.auth_permission (id, name, content_type_id, codename) VALUES (3, 'Can delete log entry', 1, 'delete_logentry');
INSERT INTO public.auth_permission (id, name, content_type_id, codename) VALUES (4, 'Can view log entry', 1, 'view_logentry');
INSERT INTO public.auth_permission (id, name, content_type_id, codename) VALUES (5, 'Can add permission', 2, 'add_permission');
INSERT INTO public.auth_permission (id, name, content_type_id, codename) VALUES (6, 'Can change permission', 2, 'change_permission');
INSERT INTO public.auth_permission (id, name, content_type_id, codename) VALUES (7, 'Can delete permission', 2, 'delete_permission');
INSERT INTO public.auth_permission (id, name, content_type_id, codename) VALUES (8, 'Can view permission', 2, 'view_permission');
INSERT INTO public.auth_permission (id, name, content_type_id, codename) VALUES (9, 'Can add group', 3, 'add_group');
INSERT INTO public.auth_permission (id, name, content_type_id, codename) VALUES (10, 'Can change group', 3, 'change_group');
INSERT INTO public.auth_permission (id, name, content_type_id, codename) VALUES (11, 'Can delete group', 3, 'delete_group');
INSERT INTO public.auth_permission (id, name, content_type_id, codename) VALUES (12, 'Can view group', 3, 'view_group');
INSERT INTO public.auth_permission (id, name, content_type_id, codename) VALUES (13, 'Can add content type', 4, 'add_contenttype');
INSERT INTO public.auth_permission (id, name, content_type_id, codename) VALUES (14, 'Can change content type', 4, 'change_contenttype');
INSERT INTO public.auth_permission (id, name, content_type_id, codename) VALUES (15, 'Can delete content type', 4, 'delete_contenttype');
INSERT INTO public.auth_permission (id, name, content_type_id, codename) VALUES (16, 'Can view content type', 4, 'view_contenttype');
INSERT INTO public.auth_permission (id, name, content_type_id, codename) VALUES (17, 'Can add session', 5, 'add_session');
INSERT INTO public.auth_permission (id, name, content_type_id, codename) VALUES (18, 'Can change session', 5, 'change_session');
INSERT INTO public.auth_permission (id, name, content_type_id, codename) VALUES (19, 'Can delete session', 5, 'delete_session');
INSERT INTO public.auth_permission (id, name, content_type_id, codename) VALUES (20, 'Can view session', 5, 'view_session');
INSERT INTO public.auth_permission (id, name, content_type_id, codename) VALUES (21, 'Can add user', 6, 'add_user');
INSERT INTO public.auth_permission (id, name, content_type_id, codename) VALUES (22, 'Can change user', 6, 'change_user');
INSERT INTO public.auth_permission (id, name, content_type_id, codename) VALUES (23, 'Can delete user', 6, 'delete_user');
INSERT INTO public.auth_permission (id, name, content_type_id, codename) VALUES (24, 'Can view user', 6, 'view_user');
INSERT INTO public.auth_permission (id, name, content_type_id, codename) VALUES (25, 'Can add address', 7, 'add_address');
INSERT INTO public.auth_permission (id, name, content_type_id, codename) VALUES (26, 'Can change address', 7, 'change_address');
INSERT INTO public.auth_permission (id, name, content_type_id, codename) VALUES (27, 'Can delete address', 7, 'delete_address');
INSERT INTO public.auth_permission (id, name, content_type_id, codename) VALUES (28, 'Can view address', 7, 'view_address');
INSERT INTO public.auth_permission (id, name, content_type_id, codename) VALUES (29, 'Can add otp code', 8, 'add_otpcode');
INSERT INTO public.auth_permission (id, name, content_type_id, codename) VALUES (30, 'Can change otp code', 8, 'change_otpcode');
INSERT INTO public.auth_permission (id, name, content_type_id, codename) VALUES (31, 'Can delete otp code', 8, 'delete_otpcode');
INSERT INTO public.auth_permission (id, name, content_type_id, codename) VALUES (32, 'Can view otp code', 8, 'view_otpcode');
INSERT INTO public.auth_permission (id, name, content_type_id, codename) VALUES (33, 'Can add user profile', 9, 'add_userprofile');
INSERT INTO public.auth_permission (id, name, content_type_id, codename) VALUES (34, 'Can change user profile', 9, 'change_userprofile');
INSERT INTO public.auth_permission (id, name, content_type_id, codename) VALUES (35, 'Can delete user profile', 9, 'delete_userprofile');
INSERT INTO public.auth_permission (id, name, content_type_id, codename) VALUES (36, 'Can view user profile', 9, 'view_userprofile');
INSERT INTO public.auth_permission (id, name, content_type_id, codename) VALUES (37, 'Can add department', 10, 'add_department');
INSERT INTO public.auth_permission (id, name, content_type_id, codename) VALUES (38, 'Can change department', 10, 'change_department');
INSERT INTO public.auth_permission (id, name, content_type_id, codename) VALUES (39, 'Can delete department', 10, 'delete_department');
INSERT INTO public.auth_permission (id, name, content_type_id, codename) VALUES (40, 'Can view department', 10, 'view_department');
INSERT INTO public.auth_permission (id, name, content_type_id, codename) VALUES (41, 'Can add role', 11, 'add_role');
INSERT INTO public.auth_permission (id, name, content_type_id, codename) VALUES (42, 'Can change role', 11, 'change_role');
INSERT INTO public.auth_permission (id, name, content_type_id, codename) VALUES (43, 'Can delete role', 11, 'delete_role');
INSERT INTO public.auth_permission (id, name, content_type_id, codename) VALUES (44, 'Can view role', 11, 'view_role');
INSERT INTO public.auth_permission (id, name, content_type_id, codename) VALUES (45, 'Can add user error', 12, 'add_usererror');
INSERT INTO public.auth_permission (id, name, content_type_id, codename) VALUES (46, 'Can change user error', 12, 'change_usererror');
INSERT INTO public.auth_permission (id, name, content_type_id, codename) VALUES (47, 'Can delete user error', 12, 'delete_usererror');
INSERT INTO public.auth_permission (id, name, content_type_id, codename) VALUES (48, 'Can view user error', 12, 'view_usererror');
INSERT INTO public.auth_permission (id, name, content_type_id, codename) VALUES (49, 'Can add user information', 13, 'add_userinformation');
INSERT INTO public.auth_permission (id, name, content_type_id, codename) VALUES (50, 'Can change user information', 13, 'change_userinformation');
INSERT INTO public.auth_permission (id, name, content_type_id, codename) VALUES (51, 'Can delete user information', 13, 'delete_userinformation');
INSERT INTO public.auth_permission (id, name, content_type_id, codename) VALUES (52, 'Can view user information', 13, 'view_userinformation');
INSERT INTO public.auth_permission (id, name, content_type_id, codename) VALUES (53, 'Can add user validation', 14, 'add_uservalidation');
INSERT INTO public.auth_permission (id, name, content_type_id, codename) VALUES (54, 'Can change user validation', 14, 'change_uservalidation');
INSERT INTO public.auth_permission (id, name, content_type_id, codename) VALUES (55, 'Can delete user validation', 14, 'delete_uservalidation');
INSERT INTO public.auth_permission (id, name, content_type_id, codename) VALUES (56, 'Can view user validation', 14, 'view_uservalidation');


--
-- Data for Name: department; Type: TABLE DATA; Schema: public; Owner: postgres
--

INSERT INTO public.department (id, department_name, is_active) VALUES (1, 'Executive / Leadership', true);
INSERT INTO public.department (id, department_name, is_active) VALUES (2, 'Human Resources (HR)', true);
INSERT INTO public.department (id, department_name, is_active) VALUES (3, 'Finance & Accounts', true);
INSERT INTO public.department (id, department_name, is_active) VALUES (4, 'Administration / Office Management', true);
INSERT INTO public.department (id, department_name, is_active) VALUES (5, 'Information Technology (IT)', true);
INSERT INTO public.department (id, department_name, is_active) VALUES (6, 'Software / Product / Engineering', true);
INSERT INTO public.department (id, department_name, is_active) VALUES (7, 'Operations', true);
INSERT INTO public.department (id, department_name, is_active) VALUES (8, 'Sales', true);
INSERT INTO public.department (id, department_name, is_active) VALUES (9, 'Marketing', true);
INSERT INTO public.department (id, department_name, is_active) VALUES (10, 'Customer Support / Service', true);
INSERT INTO public.department (id, department_name, is_active) VALUES (11, 'Procurement / Purchase', true);
INSERT INTO public.department (id, department_name, is_active) VALUES (12, 'Legal & Compliance', true);
INSERT INTO public.department (id, department_name, is_active) VALUES (13, 'Logistics & Supply Chain', true);
INSERT INTO public.department (id, department_name, is_active) VALUES (14, 'Research & Development (R&D)', true);
INSERT INTO public.department (id, department_name, is_active) VALUES (15, 'Quality Assurance / Quality Control', true);
INSERT INTO public.department (id, department_name, is_active) VALUES (16, 'Production / Manufacturing', true);
INSERT INTO public.department (id, department_name, is_active) VALUES (17, 'Security', true);
INSERT INTO public.department (id, department_name, is_active) VALUES (18, 'Facilities & Maintenance', true);
INSERT INTO public.department (id, department_name, is_active) VALUES (19, 'Training & Development', true);
INSERT INTO public.department (id, department_name, is_active) VALUES (20, 'Design / Creative', true);
INSERT INTO public.department (id, department_name, is_active) VALUES (21, 'Data & Analytics', true);
INSERT INTO public.department (id, department_name, is_active) VALUES (22, 'Corporate Strategy & Planning', true);
INSERT INTO public.department (id, department_name, is_active) VALUES (23, 'Public Relations & Communications', true);
INSERT INTO public.department (id, department_name, is_active) VALUES (24, 'CSR (Corporate Social Responsibility', true);


--
-- Data for Name: django_admin_log; Type: TABLE DATA; Schema: public; Owner: postgres
--



--
-- Data for Name: django_content_type; Type: TABLE DATA; Schema: public; Owner: postgres
--

INSERT INTO public.django_content_type (id, app_label, model) VALUES (1, 'admin', 'logentry');
INSERT INTO public.django_content_type (id, app_label, model) VALUES (2, 'auth', 'permission');
INSERT INTO public.django_content_type (id, app_label, model) VALUES (3, 'auth', 'group');
INSERT INTO public.django_content_type (id, app_label, model) VALUES (4, 'contenttypes', 'contenttype');
INSERT INTO public.django_content_type (id, app_label, model) VALUES (5, 'sessions', 'session');
INSERT INTO public.django_content_type (id, app_label, model) VALUES (6, 'accounts', 'user');
INSERT INTO public.django_content_type (id, app_label, model) VALUES (7, 'addresses', 'address');
INSERT INTO public.django_content_type (id, app_label, model) VALUES (8, 'password_reset', 'otpcode');
INSERT INTO public.django_content_type (id, app_label, model) VALUES (9, 'viewprofile', 'userprofile');
INSERT INTO public.django_content_type (id, app_label, model) VALUES (10, 'accounts', 'department');
INSERT INTO public.django_content_type (id, app_label, model) VALUES (11, 'accounts', 'role');
INSERT INTO public.django_content_type (id, app_label, model) VALUES (12, 'accounts', 'usererror');
INSERT INTO public.django_content_type (id, app_label, model) VALUES (13, 'accounts', 'userinformation');
INSERT INTO public.django_content_type (id, app_label, model) VALUES (14, 'accounts', 'uservalidation');


--
-- Data for Name: django_migrations; Type: TABLE DATA; Schema: public; Owner: postgres
--

INSERT INTO public.django_migrations (id, app, name, applied) VALUES (1, 'contenttypes', '0001_initial', '2025-10-27 17:18:52.458176+05:30');
INSERT INTO public.django_migrations (id, app, name, applied) VALUES (2, 'contenttypes', '0002_remove_content_type_name', '2025-10-27 17:18:52.468569+05:30');
INSERT INTO public.django_migrations (id, app, name, applied) VALUES (3, 'auth', '0001_initial', '2025-10-27 17:18:52.533735+05:30');
INSERT INTO public.django_migrations (id, app, name, applied) VALUES (4, 'auth', '0002_alter_permission_name_max_length', '2025-10-27 17:18:52.540634+05:30');
INSERT INTO public.django_migrations (id, app, name, applied) VALUES (5, 'auth', '0003_alter_user_email_max_length', '2025-10-27 17:18:52.545344+05:30');
INSERT INTO public.django_migrations (id, app, name, applied) VALUES (6, 'auth', '0004_alter_user_username_opts', '2025-10-27 17:18:52.549271+05:30');
INSERT INTO public.django_migrations (id, app, name, applied) VALUES (7, 'auth', '0005_alter_user_last_login_null', '2025-10-27 17:18:52.556605+05:30');
INSERT INTO public.django_migrations (id, app, name, applied) VALUES (8, 'auth', '0006_require_contenttypes_0002', '2025-10-27 17:18:52.558263+05:30');
INSERT INTO public.django_migrations (id, app, name, applied) VALUES (9, 'auth', '0007_alter_validators_add_error_messages', '2025-10-27 17:18:52.571073+05:30');
INSERT INTO public.django_migrations (id, app, name, applied) VALUES (10, 'auth', '0008_alter_user_username_max_length', '2025-10-27 17:18:52.578262+05:30');
INSERT INTO public.django_migrations (id, app, name, applied) VALUES (11, 'auth', '0009_alter_user_last_name_max_length', '2025-10-27 17:18:52.584635+05:30');
INSERT INTO public.django_migrations (id, app, name, applied) VALUES (12, 'auth', '0010_alter_group_name_max_length', '2025-10-27 17:18:52.596624+05:30');
INSERT INTO public.django_migrations (id, app, name, applied) VALUES (13, 'auth', '0011_update_proxy_permissions', '2025-10-27 17:18:52.601327+05:30');
INSERT INTO public.django_migrations (id, app, name, applied) VALUES (14, 'auth', '0012_alter_user_first_name_max_length', '2025-10-27 17:18:52.607138+05:30');
INSERT INTO public.django_migrations (id, app, name, applied) VALUES (15, 'accounts', '0001_initial', '2025-10-27 17:18:52.677837+05:30');
INSERT INTO public.django_migrations (id, app, name, applied) VALUES (16, 'admin', '0001_initial', '2025-10-27 17:18:52.706284+05:30');
INSERT INTO public.django_migrations (id, app, name, applied) VALUES (17, 'admin', '0002_logentry_remove_auto_add', '2025-10-27 17:18:52.711462+05:30');
INSERT INTO public.django_migrations (id, app, name, applied) VALUES (18, 'admin', '0003_logentry_add_action_flag_choices', '2025-10-27 17:18:52.716238+05:30');
INSERT INTO public.django_migrations (id, app, name, applied) VALUES (19, 'sessions', '0001_initial', '2025-10-27 17:18:52.733288+05:30');
INSERT INTO public.django_migrations (id, app, name, applied) VALUES (20, 'accounts', '0002_remove_user_bio_user_phone', '2025-10-28 18:53:53.8424+05:30');
INSERT INTO public.django_migrations (id, app, name, applied) VALUES (21, 'addresses', '0001_initial', '2025-10-30 12:11:19.035366+05:30');
INSERT INTO public.django_migrations (id, app, name, applied) VALUES (22, 'password_reset', '0001_initial', '2025-10-31 18:11:36.248153+05:30');
INSERT INTO public.django_migrations (id, app, name, applied) VALUES (23, 'addresses', '0002_alter_address_country', '2025-10-31 20:08:40.279885+05:30');
INSERT INTO public.django_migrations (id, app, name, applied) VALUES (24, 'viewprofile', '0001_initial', '2025-10-31 20:08:40.352785+05:30');
INSERT INTO public.django_migrations (id, app, name, applied) VALUES (25, 'addresses', '0003_address_area_address_district_address_house_flat_and_more', '2025-11-01 15:00:21.939527+05:30');
INSERT INTO public.django_migrations (id, app, name, applied) VALUES (26, 'accounts', '0003_user_role', '2025-11-03 11:32:00.251888+05:30');
INSERT INTO public.django_migrations (id, app, name, applied) VALUES (27, 'viewprofile', '0002_userprofile_user', '2025-11-05 23:45:58.473023+05:30');
INSERT INTO public.django_migrations (id, app, name, applied) VALUES (28, 'accounts', '0004_department_role_alter_user_role', '2025-11-06 18:52:24.989045+05:30');
INSERT INTO public.django_migrations (id, app, name, applied) VALUES (29, 'accounts', '0004_auto_20251107_0806', '2025-11-07 08:08:52.275365+05:30');
INSERT INTO public.django_migrations (id, app, name, applied) VALUES (30, 'accounts', '0005_department_role', '2025-11-07 10:48:02.760814+05:30');
INSERT INTO public.django_migrations (id, app, name, applied) VALUES (31, 'accounts', '0006_user_department_alter_department_department_name_and_more', '2025-11-07 11:07:35.394676+05:30');
INSERT INTO public.django_migrations (id, app, name, applied) VALUES (32, 'accounts', '0007_department_is_active_role_is_active', '2025-11-07 12:45:42.01456+05:30');
INSERT INTO public.django_migrations (id, app, name, applied) VALUES (33, 'accounts', '0008_alter_user_department_alter_user_role', '2025-11-10 12:08:23.140749+05:30');
INSERT INTO public.django_migrations (id, app, name, applied) VALUES (34, 'accounts', '0009_usererror_userinformation_uservalidation', '2025-11-11 23:10:43.981474+05:30');
INSERT INTO public.django_migrations (id, app, name, applied) VALUES (35, 'accounts', '0010_alter_department_department_name_and_more', '2025-11-12 13:38:53.83873+05:30');
INSERT INTO public.django_migrations (id, app, name, applied) VALUES (36, 'accounts', '0011_alter_usererror_table_alter_userinformation_table_and_more', '2025-11-12 20:41:07.263201+05:30');


--
-- Data for Name: django_session; Type: TABLE DATA; Schema: public; Owner: postgres
--

INSERT INTO public.django_session (session_key, session_data, expire_date) VALUES ('3b0pyv74b26kkdhb10ddlvtzznmpfmh5', '.eJxVjDsOwjAQBe_iGlnB0fpDSc8ZrF3vGgeQLcVJFXF3iJQC2jczb1MR16XEtcscJ1YXBer0uxGmp9Qd8APrvenU6jJPpHdFH7TrW2N5XQ_376BgL99aXBjYgclOgNAEkTOOEkYP3koidB6NNQIJiB07ApYBU87WGsxiUb0_APg5OA:1vDPvD:euB45PfeQp4Uo2aopba9mK3u4q9b4rdps_Ls-8ku3iU', '2025-11-10 21:48:15.151953+05:30');
INSERT INTO public.django_session (session_key, session_data, expire_date) VALUES ('s2jnr135i0l61qa7ocpkoe3wd7zob7kg', '.eJxVjDsOwjAQBe_iGlnB0fpDSc8ZrF3vGgeQLcVJFXF3iJQC2jczb1MR16XEtcscJ1YXBer0uxGmp9Qd8APrvenU6jJPpHdFH7TrW2N5XQ_376BgL99aXBjYgclOgNAEkTOOEkYP3koidB6NNQIJiB07ApYBU87WGsxiUb0_APg5OA:1vDyds:b7T-JS905tW5MxU38Rmkjt5X6C2iGsxUHDOo-a5V4GQ', '2025-11-12 10:52:40.120045+05:30');
INSERT INTO public.django_session (session_key, session_data, expire_date) VALUES ('s2da4nrbq49cs813d7knqyjpqftn3bhh', '.eJxVjEEOwiAQRe_C2hBwGCwu3XuGZoYBqRpISrsy3l2bdKHb_977LzXSupRx7WkeJ1FnherwuzHFR6obkDvVW9Ox1WWeWG-K3mnX1ybpedndv4NCvXxrzpatEYOB0Zwye0iJohCG4MWShGMGiIYRBgIzkEPnPIszCIkCRPX-APn3OB8:1vJ63b:Kojbq7Nnv8mwSErFFyOmWJDAogcRIAFMisJ9vn0QTLk', '2025-11-26 13:48:23.592259+05:30');


--
-- Data for Name: password_reset_otpcode; Type: TABLE DATA; Schema: public; Owner: postgres
--

INSERT INTO public.password_reset_otpcode (id, email, otp_code, expiry_time) VALUES (5, 'yash001iot@gmail.com', '036102', '2025-10-31 18:50:28.679128+05:30');
INSERT INTO public.password_reset_otpcode (id, email, otp_code, expiry_time) VALUES (6, 'yaswanths1th001@gmail.com', '471704', '2025-10-31 18:51:44.63856+05:30');
INSERT INTO public.password_reset_otpcode (id, email, otp_code, expiry_time) VALUES (7, 'yaswanth1th9999@gmail.com', '369715', '2025-10-31 18:52:11.481953+05:30');
INSERT INTO public.password_reset_otpcode (id, email, otp_code, expiry_time) VALUES (9, 'yaswanths1th001@gmail.com', '467690', '2025-10-31 18:59:17.757986+05:30');
INSERT INTO public.password_reset_otpcode (id, email, otp_code, expiry_time) VALUES (29, 'mahi@gmail.com', '184382', '2025-11-12 22:31:17.818618+05:30');
INSERT INTO public.password_reset_otpcode (id, email, otp_code, expiry_time) VALUES (30, 'mahi@gmail.com', '985133', '2025-11-12 22:31:20.271656+05:30');
INSERT INTO public.password_reset_otpcode (id, email, otp_code, expiry_time) VALUES (31, 'yaswanths1th9999@gmail.com', '563995', '2025-11-12 22:32:14.864283+05:30');
INSERT INTO public.password_reset_otpcode (id, email, otp_code, expiry_time) VALUES (32, 'yaswanths1th9999@gmail.com', '854548', '2025-11-12 22:33:26.751113+05:30');
INSERT INTO public.password_reset_otpcode (id, email, otp_code, expiry_time) VALUES (33, 'yaswanths1th9999@gmail.com', '346916', '2025-11-12 22:35:32.918858+05:30');
INSERT INTO public.password_reset_otpcode (id, email, otp_code, expiry_time) VALUES (34, 'yaswanths1th9999@gmail.com', '778064', '2025-11-12 22:38:32.519947+05:30');
INSERT INTO public.password_reset_otpcode (id, email, otp_code, expiry_time) VALUES (35, 'yaswanths1th9999@gmail.com', '777635', '2025-11-12 22:42:43.447377+05:30');
INSERT INTO public.password_reset_otpcode (id, email, otp_code, expiry_time) VALUES (36, 'yaswanths1th9999@gmail.com', '283661', '2025-11-12 22:47:08.550867+05:30');
INSERT INTO public.password_reset_otpcode (id, email, otp_code, expiry_time) VALUES (37, 'yaswanths1th9999@gmail.com', '662173', '2025-11-12 22:50:08.685835+05:30');
INSERT INTO public.password_reset_otpcode (id, email, otp_code, expiry_time) VALUES (38, 'yaswanths1th9999@gmail.com', '740741', '2025-11-12 23:00:10.416333+05:30');
INSERT INTO public.password_reset_otpcode (id, email, otp_code, expiry_time) VALUES (40, 'yaswanths1th9999@gmail.com', '944237', '2025-11-13 12:28:13.291585+05:30');
INSERT INTO public.password_reset_otpcode (id, email, otp_code, expiry_time) VALUES (41, 'mahi@gmail.com', '716587', '2025-11-13 12:28:56.68341+05:30');
INSERT INTO public.password_reset_otpcode (id, email, otp_code, expiry_time) VALUES (43, 'harry9014352@gmail.com', '716715', '2025-11-13 15:21:50.864211+05:30');
INSERT INTO public.password_reset_otpcode (id, email, otp_code, expiry_time) VALUES (44, 'harry9014352@gmail.com', '151724', '2025-11-13 15:24:44.504786+05:30');
INSERT INTO public.password_reset_otpcode (id, email, otp_code, expiry_time) VALUES (45, 'harry9014352@gmail.com', '596730', '2025-11-13 15:28:45.824404+05:30');
INSERT INTO public.password_reset_otpcode (id, email, otp_code, expiry_time) VALUES (47, 'harry9014352@gmail.com', '753009', '2025-11-13 15:52:21.612715+05:30');


--
-- Data for Name: roles; Type: TABLE DATA; Schema: public; Owner: postgres
--

INSERT INTO public.roles (id, role_name, department_id, is_active) VALUES (3, 'CEO', 1, true);
INSERT INTO public.roles (id, role_name, department_id, is_active) VALUES (4, 'CTO', 1, true);
INSERT INTO public.roles (id, role_name, department_id, is_active) VALUES (5, 'COO', 1, true);
INSERT INTO public.roles (id, role_name, department_id, is_active) VALUES (6, 'CFO', 1, true);
INSERT INTO public.roles (id, role_name, department_id, is_active) VALUES (7, 'Vice President', 1, true);
INSERT INTO public.roles (id, role_name, department_id, is_active) VALUES (8, 'HR Manager', 2, true);
INSERT INTO public.roles (id, role_name, department_id, is_active) VALUES (9, 'HR Executive', 2, true);
INSERT INTO public.roles (id, role_name, department_id, is_active) VALUES (10, 'Recruiter / Talent Acquisition', 2, true);
INSERT INTO public.roles (id, role_name, department_id, is_active) VALUES (11, 'Payroll Officer', 2, true);
INSERT INTO public.roles (id, role_name, department_id, is_active) VALUES (12, 'HR Business Partner', 2, true);
INSERT INTO public.roles (id, role_name, department_id, is_active) VALUES (13, 'Finance Manager', 3, true);
INSERT INTO public.roles (id, role_name, department_id, is_active) VALUES (14, 'Accountant', 3, true);
INSERT INTO public.roles (id, role_name, department_id, is_active) VALUES (15, 'Financial Analyst', 3, true);
INSERT INTO public.roles (id, role_name, department_id, is_active) VALUES (16, 'Billing Executive', 3, true);
INSERT INTO public.roles (id, role_name, department_id, is_active) VALUES (17, 'Internal Auditor', 3, true);
INSERT INTO public.roles (id, role_name, department_id, is_active) VALUES (18, 'Admin Manager', 4, true);
INSERT INTO public.roles (id, role_name, department_id, is_active) VALUES (19, 'Receptionist', 4, true);
INSERT INTO public.roles (id, role_name, department_id, is_active) VALUES (20, 'Office Assistant', 4, true);
INSERT INTO public.roles (id, role_name, department_id, is_active) VALUES (21, 'Front Office Executive', 4, true);
INSERT INTO public.roles (id, role_name, department_id, is_active) VALUES (22, 'Procurement Assistant', 4, true);
INSERT INTO public.roles (id, role_name, department_id, is_active) VALUES (23, 'IT Manager', 5, true);
INSERT INTO public.roles (id, role_name, department_id, is_active) VALUES (24, 'System Administrator', 5, true);
INSERT INTO public.roles (id, role_name, department_id, is_active) VALUES (25, 'Database Administrator', 5, true);
INSERT INTO public.roles (id, role_name, department_id, is_active) VALUES (26, 'Network Engineer', 5, true);
INSERT INTO public.roles (id, role_name, department_id, is_active) VALUES (27, 'DevOps Engineer', 5, true);
INSERT INTO public.roles (id, role_name, department_id, is_active) VALUES (28, 'IT Support / Help Desk', 5, true);
INSERT INTO public.roles (id, role_name, department_id, is_active) VALUES (29, 'Product Manager', 6, true);
INSERT INTO public.roles (id, role_name, department_id, is_active) VALUES (30, 'Software Engineer', 6, true);
INSERT INTO public.roles (id, role_name, department_id, is_active) VALUES (31, 'QA Engineer', 6, true);
INSERT INTO public.roles (id, role_name, department_id, is_active) VALUES (32, 'UI/UX Designer', 6, true);
INSERT INTO public.roles (id, role_name, department_id, is_active) VALUES (33, 'Solution Architect', 6, true);
INSERT INTO public.roles (id, role_name, department_id, is_active) VALUES (34, 'Operations Manager', 7, true);
INSERT INTO public.roles (id, role_name, department_id, is_active) VALUES (35, 'Process Associate', 7, true);
INSERT INTO public.roles (id, role_name, department_id, is_active) VALUES (36, 'Supply Chain Manager', 7, true);
INSERT INTO public.roles (id, role_name, department_id, is_active) VALUES (37, 'Inventory Controller', 7, true);
INSERT INTO public.roles (id, role_name, department_id, is_active) VALUES (38, 'Warehouse Manager', 7, true);
INSERT INTO public.roles (id, role_name, department_id, is_active) VALUES (39, 'Sales Manager', 8, true);
INSERT INTO public.roles (id, role_name, department_id, is_active) VALUES (40, 'Sales Executive', 8, true);
INSERT INTO public.roles (id, role_name, department_id, is_active) VALUES (41, 'Business Development Manager', 8, true);
INSERT INTO public.roles (id, role_name, department_id, is_active) VALUES (42, 'Key Account Manager', 8, true);
INSERT INTO public.roles (id, role_name, department_id, is_active) VALUES (43, 'Lead Generation Executive', 8, true);
INSERT INTO public.roles (id, role_name, department_id, is_active) VALUES (44, 'Marketing Manager', 9, true);
INSERT INTO public.roles (id, role_name, department_id, is_active) VALUES (45, 'SEO Specialist', 9, true);
INSERT INTO public.roles (id, role_name, department_id, is_active) VALUES (46, 'Social Media Manager', 9, true);
INSERT INTO public.roles (id, role_name, department_id, is_active) VALUES (47, 'Content Writer', 9, true);
INSERT INTO public.roles (id, role_name, department_id, is_active) VALUES (48, 'Brand Manager', 9, true);
INSERT INTO public.roles (id, role_name, department_id, is_active) VALUES (49, 'Customer Support Executive', 10, true);
INSERT INTO public.roles (id, role_name, department_id, is_active) VALUES (50, 'Customer Success Manager', 10, true);
INSERT INTO public.roles (id, role_name, department_id, is_active) VALUES (51, 'Call Center Agent', 10, true);
INSERT INTO public.roles (id, role_name, department_id, is_active) VALUES (52, 'Technical Support Engineer', 10, true);
INSERT INTO public.roles (id, role_name, department_id, is_active) VALUES (53, 'Purchase Manager', 11, true);
INSERT INTO public.roles (id, role_name, department_id, is_active) VALUES (54, 'Vendor Manager', 11, true);
INSERT INTO public.roles (id, role_name, department_id, is_active) VALUES (55, 'Buyer / Purchaser', 11, true);
INSERT INTO public.roles (id, role_name, department_id, is_active) VALUES (56, 'Inventory Planner', 11, true);
INSERT INTO public.roles (id, role_name, department_id, is_active) VALUES (57, 'Legal Advisor', 12, true);
INSERT INTO public.roles (id, role_name, department_id, is_active) VALUES (58, 'Compliance Officer', 12, true);
INSERT INTO public.roles (id, role_name, department_id, is_active) VALUES (59, 'Contract Manager', 12, true);
INSERT INTO public.roles (id, role_name, department_id, is_active) VALUES (60, 'Company Secretary', 12, true);
INSERT INTO public.roles (id, role_name, department_id, is_active) VALUES (61, 'Logistics Manager', 13, true);
INSERT INTO public.roles (id, role_name, department_id, is_active) VALUES (62, 'Dispatch Coordinator', 13, true);
INSERT INTO public.roles (id, role_name, department_id, is_active) VALUES (63, 'Shipping Coordinator', 13, true);
INSERT INTO public.roles (id, role_name, department_id, is_active) VALUES (64, 'Supply Chain Analyst', 13, true);
INSERT INTO public.roles (id, role_name, department_id, is_active) VALUES (65, 'R&D Scientist', 14, true);
INSERT INTO public.roles (id, role_name, department_id, is_active) VALUES (66, 'Research Engineer', 14, true);
INSERT INTO public.roles (id, role_name, department_id, is_active) VALUES (67, 'Lab Technician', 14, true);
INSERT INTO public.roles (id, role_name, department_id, is_active) VALUES (68, 'QA/QC Manager', 15, true);
INSERT INTO public.roles (id, role_name, department_id, is_active) VALUES (69, 'Quality Inspector', 15, true);
INSERT INTO public.roles (id, role_name, department_id, is_active) VALUES (70, 'Process Compliance Officer', 15, true);
INSERT INTO public.roles (id, role_name, department_id, is_active) VALUES (71, 'Production Manager', 16, true);
INSERT INTO public.roles (id, role_name, department_id, is_active) VALUES (72, 'Machine Operator', 16, true);
INSERT INTO public.roles (id, role_name, department_id, is_active) VALUES (73, 'Maintenance Engineer', 16, true);
INSERT INTO public.roles (id, role_name, department_id, is_active) VALUES (74, 'Security Manager', 17, true);
INSERT INTO public.roles (id, role_name, department_id, is_active) VALUES (75, 'Security Guard', 17, true);
INSERT INTO public.roles (id, role_name, department_id, is_active) VALUES (76, 'CCTV Operator', 17, true);
INSERT INTO public.roles (id, role_name, department_id, is_active) VALUES (77, 'Facility Manager', 18, true);
INSERT INTO public.roles (id, role_name, department_id, is_active) VALUES (78, 'Electrician', 18, true);
INSERT INTO public.roles (id, role_name, department_id, is_active) VALUES (79, 'Office Boy', 18, true);
INSERT INTO public.roles (id, role_name, department_id, is_active) VALUES (80, 'Cleaner', 18, true);
INSERT INTO public.roles (id, role_name, department_id, is_active) VALUES (81, 'Corporate Trainer', 19, true);
INSERT INTO public.roles (id, role_name, department_id, is_active) VALUES (82, 'Training Manager', 19, true);
INSERT INTO public.roles (id, role_name, department_id, is_active) VALUES (83, 'Training Coordinator', 19, true);
INSERT INTO public.roles (id, role_name, department_id, is_active) VALUES (84, 'Graphic Designer', 20, true);
INSERT INTO public.roles (id, role_name, department_id, is_active) VALUES (85, 'Video Editor', 20, true);
INSERT INTO public.roles (id, role_name, department_id, is_active) VALUES (86, 'Animator', 20, true);
INSERT INTO public.roles (id, role_name, department_id, is_active) VALUES (87, 'Creative Director', 20, true);
INSERT INTO public.roles (id, role_name, department_id, is_active) VALUES (88, 'Data Analyst', 21, true);
INSERT INTO public.roles (id, role_name, department_id, is_active) VALUES (89, 'Data Scientist', 21, true);
INSERT INTO public.roles (id, role_name, department_id, is_active) VALUES (90, 'BI Developer', 21, true);
INSERT INTO public.roles (id, role_name, department_id, is_active) VALUES (91, 'Strategy Manager', 22, true);
INSERT INTO public.roles (id, role_name, department_id, is_active) VALUES (92, 'Business Analyst', 22, true);
INSERT INTO public.roles (id, role_name, department_id, is_active) VALUES (93, 'Project Manager', 22, true);
INSERT INTO public.roles (id, role_name, department_id, is_active) VALUES (94, 'PMO Lead', 22, true);
INSERT INTO public.roles (id, role_name, department_id, is_active) VALUES (95, 'PR Manager', 23, true);
INSERT INTO public.roles (id, role_name, department_id, is_active) VALUES (96, 'Communications Executive', 23, true);
INSERT INTO public.roles (id, role_name, department_id, is_active) VALUES (97, 'Event Coordinator', 23, true);
INSERT INTO public.roles (id, role_name, department_id, is_active) VALUES (98, 'CSR Manager', 24, true);
INSERT INTO public.roles (id, role_name, department_id, is_active) VALUES (99, 'CSR Coordinator', 24, true);
INSERT INTO public.roles (id, role_name, department_id, is_active) VALUES (100, 'Sustainability Officer', 24, true);
INSERT INTO public.roles (id, role_name, department_id, is_active) VALUES (1, 'admin', 0, true);
INSERT INTO public.roles (id, role_name, department_id, is_active) VALUES (2, 'user', 0, true);


--
-- Data for Name: user_error; Type: TABLE DATA; Schema: public; Owner: postgres
--

INSERT INTO public.user_error (id, error_code, error_message, category) VALUES (1, 'EP001', 'Special characters are not allowed in name.', 'Personal Details Validation Errors');
INSERT INTO public.user_error (id, error_code, error_message, category) VALUES (2, 'EP002', 'Name is required.', 'Personal Details Validation Errors');
INSERT INTO public.user_error (id, error_code, error_message, category) VALUES (3, 'EP003', 'Name cannot exceed 50 characters.', 'Personal Details Validation Errors');
INSERT INTO public.user_error (id, error_code, error_message, category) VALUES (4, 'EP004', 'Remove extra spaces from name.', 'Personal Details Validation Errors');
INSERT INTO public.user_error (id, error_code, error_message, category) VALUES (5, 'EP005', 'Phone number must contain only digits.', 'Personal Details Validation Errors');
INSERT INTO public.user_error (id, error_code, error_message, category) VALUES (6, 'EP006', 'Invalid characters in phone number.', 'Personal Details Validation Errors');
INSERT INTO public.user_error (id, error_code, error_message, category) VALUES (7, 'EP007', 'Phone number is required.', 'Personal Details Validation Errors');
INSERT INTO public.user_error (id, error_code, error_message, category) VALUES (8, 'EP008', 'Selected country code.', 'Personal Details Validation Errors');
INSERT INTO public.user_error (id, error_code, error_message, category) VALUES (9, 'EP009', 'Phone number length is invalid for selected country.', 'Personal Details Validation Errors');
INSERT INTO public.user_error (id, error_code, error_message, category) VALUES (10, 'EP010', 'Email must contain @ symbol.', 'Personal Details Validation Errors');
INSERT INTO public.user_error (id, error_code, error_message, category) VALUES (11, 'EP011', 'Email format is invalid.', 'Personal Details Validation Errors');
INSERT INTO public.user_error (id, error_code, error_message, category) VALUES (12, 'EP012', 'Invalid domain in email address.', 'Personal Details Validation Errors');
INSERT INTO public.user_error (id, error_code, error_message, category) VALUES (13, 'EP013', 'Email contains invalid characters.', 'Personal Details Validation Errors');
INSERT INTO public.user_error (id, error_code, error_message, category) VALUES (14, 'EP014', 'Email format is incorrect.', 'Personal Details Validation Errors');
INSERT INTO public.user_error (id, error_code, error_message, category) VALUES (15, 'EP015', 'Email is required.', 'Personal Details Validation Errors');
INSERT INTO public.user_error (id, error_code, error_message, category) VALUES (16, 'EA001', 'Invalid characters in house/flat number.', 'Address Validation Errors');
INSERT INTO public.user_error (id, error_code, error_message, category) VALUES (17, 'EA002', 'House/Flat number is required.', 'Address Validation Errors');
INSERT INTO public.user_error (id, error_code, error_message, category) VALUES (18, 'EA003', 'Only letters, numbers, and spaces allowed.', 'Address Validation Errors');
INSERT INTO public.user_error (id, error_code, error_message, category) VALUES (19, 'EA004', 'This field is required.', 'Address Validation Errors');
INSERT INTO public.user_error (id, error_code, error_message, category) VALUES (20, 'EA005', 'Pin code must be alphanumeric only.', 'Address Validation Errors');
INSERT INTO public.user_error (id, error_code, error_message, category) VALUES (21, 'EA006', 'Invalid pin code. Please enter a valid code.', 'Address Validation Errors');
INSERT INTO public.user_error (id, error_code, error_message, category) VALUES (22, 'EA007', 'Unable to auto-fill location. Please check pin code.', 'Address Validation Errors');
INSERT INTO public.user_error (id, error_code, error_message, category) VALUES (23, 'EA008', 'Auto-fill failed. Pin code is missing.', 'Address Validation Errors');
INSERT INTO public.user_error (id, error_code, error_message, category) VALUES (24, 'ES001', 'Please fill all required fields.', 'Form Submission Errors');
INSERT INTO public.user_error (id, error_code, error_message, category) VALUES (25, 'ES002', 'Please correct highlighted fields.', 'Form Submission Errors');
INSERT INTO public.user_error (id, error_code, error_message, category) VALUES (26, 'ES003', 'Email already registered.', 'Form Submission Errors');
INSERT INTO public.user_error (id, error_code, error_message, category) VALUES (27, 'EU001', 'Invalid email format.', 'Profile Update Error');
INSERT INTO public.user_error (id, error_code, error_message, category) VALUES (28, 'EU002', 'Fields cannot be empty.', 'Profile Update Error');
INSERT INTO public.user_error (id, error_code, error_message, category) VALUES (29, 'EU003', 'Unauthorized access.', 'Profile Update Error');
INSERT INTO public.user_error (id, error_code, error_message, category) VALUES (30, 'ER001', 'Access denied.', 'User Remove Errors');
INSERT INTO public.user_error (id, error_code, error_message, category) VALUES (31, 'ER002', 'User not found.', 'User Remove Errors');
INSERT INTO public.user_error (id, error_code, error_message, category) VALUES (32, 'EH001', 'Non-admin tries to hold user.', 'Hold Functionality');
INSERT INTO public.user_error (id, error_code, error_message, category) VALUES (33, 'EV001', 'Incomplete profile information.', 'Profile View');
INSERT INTO public.user_error (id, error_code, error_message, category) VALUES (34, 'EV002', 'Unauthorized user tries to view profile.', 'Profile View');
INSERT INTO public.user_error (id, error_code, error_message, category) VALUES (37, 'EF003', 'Passwords do not match', 'forget password');
INSERT INTO public.user_error (id, error_code, error_message, category) VALUES (38, 'EF002', 'Code is wrong', 'forgot password');
INSERT INTO public.user_error (id, error_code, error_message, category) VALUES (39, 'EF004', 'session ended.', 'forget');
INSERT INTO public.user_error (id, error_code, error_message, category) VALUES (40, 'EP016', 'User exist', 'Personal details');
INSERT INTO public.user_error (id, error_code, error_message, category) VALUES (42, 'EG001', 'Something went wrong while changing password.', 'Change password');
INSERT INTO public.user_error (id, error_code, error_message, category) VALUES (43, 'EC002', 'Password contains atleast one number', 'Change password');
INSERT INTO public.user_error (id, error_code, error_message, category) VALUES (35, 'EL001', 'Invalid username and password', 'login failure');
INSERT INTO public.user_error (id, error_code, error_message, category) VALUES (36, 'EF001', 'Email is not registered', 'forget passowrd');
INSERT INTO public.user_error (id, error_code, error_message, category) VALUES (41, 'EC001', 'Wrong Password', 'Change password');
INSERT INTO public.user_error (id, error_code, error_message, category) VALUES (44, 'EG002', 'Something went wrong , Please check details again', 'edit user -admin');
INSERT INTO public.user_error (id, error_code, error_message, category) VALUES (45, 'EA009', 'Max digits must be10', 'Personal Details Validation Error');


--
-- Data for Name: user_information; Type: TABLE DATA; Schema: public; Owner: postgres
--

INSERT INTO public.user_information (id, information_code, information_text, category) VALUES (1, 'IP001', 'Personal details saved successfully.', 'Personal Details Information');
INSERT INTO public.user_information (id, information_code, information_text, category) VALUES (2, 'IA001', 'Address added successfully.', 'Address Information');
INSERT INTO public.user_information (id, information_code, information_text, category) VALUES (3, 'IA002', 'Address updated successfully.', 'Address Information');
INSERT INTO public.user_information (id, information_code, information_text, category) VALUES (4, 'IA003', 'Address deleted successfully.', 'Address Information');
INSERT INTO public.user_information (id, information_code, information_text, category) VALUES (5, 'IR001', 'Account created successfully.', 'Registration Information');
INSERT INTO public.user_information (id, information_code, information_text, category) VALUES (6, 'IR004', 'Account already verified.', 'Registration Information');
INSERT INTO public.user_information (id, information_code, information_text, category) VALUES (7, 'IL001', 'Login successful.', 'Login Information');
INSERT INTO public.user_information (id, information_code, information_text, category) VALUES (8, 'IL002', 'Logout successful.', 'Login Information');
INSERT INTO public.user_information (id, information_code, information_text, category) VALUES (9, 'IL003', 'Session expired. Please login again.', 'Login Information');
INSERT INTO public.user_information (id, information_code, information_text, category) VALUES (10, 'IPU001', 'Profile updated successfully.', 'Profile Update Information');
INSERT INTO public.user_information (id, information_code, information_text, category) VALUES (11, 'IPU003', 'No changes detected.', 'Profile Update Information');
INSERT INTO public.user_information (id, information_code, information_text, category) VALUES (13, 'IFP002', 'Password reset successful.', 'Forgot Password Information');
INSERT INTO public.user_information (id, information_code, information_text, category) VALUES (15, 'ICP002', 'Old password verified.', 'Change Password Information');
INSERT INTO public.user_information (id, information_code, information_text, category) VALUES (16, 'IAD001', 'User added successfully.', 'Admin Information');
INSERT INTO public.user_information (id, information_code, information_text, category) VALUES (17, 'IAD002', 'User removed successfully.', 'Admin Information');
INSERT INTO public.user_information (id, information_code, information_text, category) VALUES (18, 'IAD003', 'User access updated successfully.', 'Admin Information');
INSERT INTO public.user_information (id, information_code, information_text, category) VALUES (19, 'IV002', 'No data found, please add your details.', 'Profile View Information');
INSERT INTO public.user_information (id, information_code, information_text, category) VALUES (12, 'IFP001', 'Verification sent successfully', 'Forgot Password Information');
INSERT INTO public.user_information (id, information_code, information_text, category) VALUES (14, 'ICP001', 'Password changed successfully', 'Change Password Information');
INSERT INTO public.user_information (id, information_code, information_text, category) VALUES (20, 'IA004', 'Updated successfully', 'address ');


--
-- Data for Name: user_validation; Type: TABLE DATA; Schema: public; Owner: postgres
--

INSERT INTO public.user_validation (id, validation_code, validation_message, category) VALUES (1, 'VP001', 'Alphabets only, no special chars', 'Personal Details Validation Errors');
INSERT INTO public.user_validation (id, validation_code, validation_message, category) VALUES (2, 'VP002', 'This field is mandatory', 'Personal Details Validation Errors');
INSERT INTO public.user_validation (id, validation_code, validation_message, category) VALUES (3, 'VP003', 'Max length is 50', 'Personal Details Validation Errors');
INSERT INTO public.user_validation (id, validation_code, validation_message, category) VALUES (4, 'VP004', '-', 'Personal Details Validation Errors');
INSERT INTO public.user_validation (id, validation_code, validation_message, category) VALUES (5, 'VP005', 'digits only', 'Personal Details Validation Errors');
INSERT INTO public.user_validation (id, validation_code, validation_message, category) VALUES (6, 'VP006', 'digits only', 'Personal Details Validation Errors');
INSERT INTO public.user_validation (id, validation_code, validation_message, category) VALUES (7, 'VP007', 'This field is mandatory', 'Personal Details Validation Errors');
INSERT INTO public.user_validation (id, validation_code, validation_message, category) VALUES (8, 'VP008', 'Must select country before enter number', 'Personal Details Validation Errors');
INSERT INTO public.user_validation (id, validation_code, validation_message, category) VALUES (9, 'VP009', 'Max length is 10', 'Personal Details Validation Errors');
INSERT INTO public.user_validation (id, validation_code, validation_message, category) VALUES (10, 'VP010', 'Must contain @', 'Personal Details Validation Errors');
INSERT INTO public.user_validation (id, validation_code, validation_message, category) VALUES (11, 'VP011', 'Must contain @ and valid domain', 'Personal Details Validation Errors');
INSERT INTO public.user_validation (id, validation_code, validation_message, category) VALUES (12, 'VP012', 'Must contain @ and valid domain', 'Personal Details Validation Errors');
INSERT INTO public.user_validation (id, validation_code, validation_message, category) VALUES (13, 'VP013', 'no special chars', 'Personal Details Validation Errors');
INSERT INTO public.user_validation (id, validation_code, validation_message, category) VALUES (14, 'VP014', 'Must contain @', 'Personal Details Validation Errors');
INSERT INTO public.user_validation (id, validation_code, validation_message, category) VALUES (15, 'VP015', 'This field is mandatory', NULL);
INSERT INTO public.user_validation (id, validation_code, validation_message, category) VALUES (17, 'VA002', 'This field is mandatory', 'Address Validation Errors');
INSERT INTO public.user_validation (id, validation_code, validation_message, category) VALUES (19, 'VA004', 'This field is mandatory', 'Address Validation Errors');
INSERT INTO public.user_validation (id, validation_code, validation_message, category) VALUES (20, 'VA005', 'Alphanumeric only', 'Address Validation Errors');
INSERT INTO public.user_validation (id, validation_code, validation_message, category) VALUES (21, 'VA006', 'Invalid pincode', 'Address Validation Errors');
INSERT INTO public.user_validation (id, validation_code, validation_message, category) VALUES (22, 'VA007', 'Invalid pin code', 'Address Validation Errors');
INSERT INTO public.user_validation (id, validation_code, validation_message, category) VALUES (23, 'VA008', 'Invalid pin code', 'Address Validation Errors');
INSERT INTO public.user_validation (id, validation_code, validation_message, category) VALUES (24, 'VS001', 'Some fields are missing', 'Form Submission Errors');
INSERT INTO public.user_validation (id, validation_code, validation_message, category) VALUES (25, 'VS002', 'Some fields are missing( Highlight mandatory fields)', 'Form Submission Errors');
INSERT INTO public.user_validation (id, validation_code, validation_message, category) VALUES (26, 'VS003', 'Email already registered.', 'Form Submission Errors');
INSERT INTO public.user_validation (id, validation_code, validation_message, category) VALUES (27, 'VU001', 'Must contain @ and valid domain', 'Profile Update Error');
INSERT INTO public.user_validation (id, validation_code, validation_message, category) VALUES (28, 'VU002', 'This field is mandatory', 'Profile Update Error');
INSERT INTO public.user_validation (id, validation_code, validation_message, category) VALUES (29, 'VU003', 'You dont have permission.', 'Profile Update Error');
INSERT INTO public.user_validation (id, validation_code, validation_message, category) VALUES (30, 'VR001', 'Access denied.', 'User Remove Errors');
INSERT INTO public.user_validation (id, validation_code, validation_message, category) VALUES (31, 'VR002', 'Please check user_id', 'User Remove Errors');
INSERT INTO public.user_validation (id, validation_code, validation_message, category) VALUES (32, 'VH001', 'You dont have permission.', 'Hold Functionality');
INSERT INTO public.user_validation (id, validation_code, validation_message, category) VALUES (33, 'VV001', 'Incomplete profile information', 'Profile View');
INSERT INTO public.user_validation (id, validation_code, validation_message, category) VALUES (34, 'VV002', 'Access denied', 'Profile View');
INSERT INTO public.user_validation (id, validation_code, validation_message, category) VALUES (16, 'VA001', 'Special Charcters are not allowed', 'Address Validation Errors');
INSERT INTO public.user_validation (id, validation_code, validation_message, category) VALUES (18, 'VA003', 'Special Charcters are not allowed', 'Address Validation Errors');


--
-- Data for Name: viewprofile_userprofile; Type: TABLE DATA; Schema: public; Owner: postgres
--

INSERT INTO public.viewprofile_userprofile (id, name, phone, email, house, street, landmark, area, district, state, country, pincode, created_at, updated_at, user_id) VALUES (1, 'Test User', '9876543210', 'yash@gmail.com', '123', 'Main Street', 'Near Park', 'Central', 'Hyderabad', 'Telangana', 'India', '500001', '2025-11-05 23:58:29.335035+05:30', '2025-11-05 23:58:29.33506+05:30', 4);


--
-- Name: accounts_department_id_seq; Type: SEQUENCE SET; Schema: public; Owner: postgres
--

SELECT pg_catalog.setval('public.accounts_department_id_seq', 39, true);


--
-- Name: accounts_role_id_seq; Type: SEQUENCE SET; Schema: public; Owner: postgres
--

SELECT pg_catalog.setval('public.accounts_role_id_seq', 118, true);


--
-- Name: accounts_user_groups_id_seq; Type: SEQUENCE SET; Schema: public; Owner: postgres
--

SELECT pg_catalog.setval('public.accounts_user_groups_id_seq', 1, false);


--
-- Name: accounts_user_id_seq; Type: SEQUENCE SET; Schema: public; Owner: postgres
--

SELECT pg_catalog.setval('public.accounts_user_id_seq', 70, true);


--
-- Name: accounts_user_user_permissions_id_seq; Type: SEQUENCE SET; Schema: public; Owner: postgres
--

SELECT pg_catalog.setval('public.accounts_user_user_permissions_id_seq', 1, false);


--
-- Name: accounts_usererror_id_seq; Type: SEQUENCE SET; Schema: public; Owner: postgres
--

SELECT pg_catalog.setval('public.accounts_usererror_id_seq', 45, true);


--
-- Name: accounts_userinformation_id_seq; Type: SEQUENCE SET; Schema: public; Owner: postgres
--

SELECT pg_catalog.setval('public.accounts_userinformation_id_seq', 21, true);


--
-- Name: accounts_uservalidation_id_seq; Type: SEQUENCE SET; Schema: public; Owner: postgres
--

SELECT pg_catalog.setval('public.accounts_uservalidation_id_seq', 34, true);


--
-- Name: addresses_address_id_seq; Type: SEQUENCE SET; Schema: public; Owner: postgres
--

SELECT pg_catalog.setval('public.addresses_address_id_seq', 47, true);


--
-- Name: auth_group_id_seq; Type: SEQUENCE SET; Schema: public; Owner: postgres
--

SELECT pg_catalog.setval('public.auth_group_id_seq', 1, false);


--
-- Name: auth_group_permissions_id_seq; Type: SEQUENCE SET; Schema: public; Owner: postgres
--

SELECT pg_catalog.setval('public.auth_group_permissions_id_seq', 1, false);


--
-- Name: auth_permission_id_seq; Type: SEQUENCE SET; Schema: public; Owner: postgres
--

SELECT pg_catalog.setval('public.auth_permission_id_seq', 56, true);


--
-- Name: django_admin_log_id_seq; Type: SEQUENCE SET; Schema: public; Owner: postgres
--

SELECT pg_catalog.setval('public.django_admin_log_id_seq', 1, false);


--
-- Name: django_content_type_id_seq; Type: SEQUENCE SET; Schema: public; Owner: postgres
--

SELECT pg_catalog.setval('public.django_content_type_id_seq', 14, true);


--
-- Name: django_migrations_id_seq; Type: SEQUENCE SET; Schema: public; Owner: postgres
--

SELECT pg_catalog.setval('public.django_migrations_id_seq', 36, true);


--
-- Name: password_reset_otpcode_id_seq; Type: SEQUENCE SET; Schema: public; Owner: postgres
--

SELECT pg_catalog.setval('public.password_reset_otpcode_id_seq', 49, true);


--
-- Name: viewprofile_userprofile_id_seq; Type: SEQUENCE SET; Schema: public; Owner: postgres
--

SELECT pg_catalog.setval('public.viewprofile_userprofile_id_seq', 1, true);


--
-- Name: accounts_department accounts_department_pkey; Type: CONSTRAINT; Schema: public; Owner: postgres
--

ALTER TABLE ONLY public.accounts_department
    ADD CONSTRAINT accounts_department_pkey PRIMARY KEY (id);


--
-- Name: accounts_role accounts_role_pkey; Type: CONSTRAINT; Schema: public; Owner: postgres
--

ALTER TABLE ONLY public.accounts_role
    ADD CONSTRAINT accounts_role_pkey PRIMARY KEY (id);


--
-- Name: accounts_role accounts_role_role_name_department_id_ab815581_uniq; Type: CONSTRAINT; Schema: public; Owner: postgres
--

ALTER TABLE ONLY public.accounts_role
    ADD CONSTRAINT accounts_role_role_name_department_id_ab815581_uniq UNIQUE (role_name, department_id);


--
-- Name: accounts_user_groups accounts_user_groups_pkey; Type: CONSTRAINT; Schema: public; Owner: postgres
--

ALTER TABLE ONLY public.accounts_user_groups
    ADD CONSTRAINT accounts_user_groups_pkey PRIMARY KEY (id);


--
-- Name: accounts_user_groups accounts_user_groups_user_id_group_id_59c0b32f_uniq; Type: CONSTRAINT; Schema: public; Owner: postgres
--

ALTER TABLE ONLY public.accounts_user_groups
    ADD CONSTRAINT accounts_user_groups_user_id_group_id_59c0b32f_uniq UNIQUE (user_id, group_id);


--
-- Name: accounts_user accounts_user_pkey; Type: CONSTRAINT; Schema: public; Owner: postgres
--

ALTER TABLE ONLY public.accounts_user
    ADD CONSTRAINT accounts_user_pkey PRIMARY KEY (id);


--
-- Name: accounts_user_user_permissions accounts_user_user_permi_user_id_permission_id_2ab516c2_uniq; Type: CONSTRAINT; Schema: public; Owner: postgres
--

ALTER TABLE ONLY public.accounts_user_user_permissions
    ADD CONSTRAINT accounts_user_user_permi_user_id_permission_id_2ab516c2_uniq UNIQUE (user_id, permission_id);


--
-- Name: accounts_user_user_permissions accounts_user_user_permissions_pkey; Type: CONSTRAINT; Schema: public; Owner: postgres
--

ALTER TABLE ONLY public.accounts_user_user_permissions
    ADD CONSTRAINT accounts_user_user_permissions_pkey PRIMARY KEY (id);


--
-- Name: accounts_user accounts_user_username_key; Type: CONSTRAINT; Schema: public; Owner: postgres
--

ALTER TABLE ONLY public.accounts_user
    ADD CONSTRAINT accounts_user_username_key UNIQUE (username);


--
-- Name: user_error accounts_usererror_error_code_key; Type: CONSTRAINT; Schema: public; Owner: postgres
--

ALTER TABLE ONLY public.user_error
    ADD CONSTRAINT accounts_usererror_error_code_key UNIQUE (error_code);


--
-- Name: user_error accounts_usererror_pkey; Type: CONSTRAINT; Schema: public; Owner: postgres
--

ALTER TABLE ONLY public.user_error
    ADD CONSTRAINT accounts_usererror_pkey PRIMARY KEY (id);


--
-- Name: user_information accounts_userinformation_information_code_key; Type: CONSTRAINT; Schema: public; Owner: postgres
--

ALTER TABLE ONLY public.user_information
    ADD CONSTRAINT accounts_userinformation_information_code_key UNIQUE (information_code);


--
-- Name: user_information accounts_userinformation_pkey; Type: CONSTRAINT; Schema: public; Owner: postgres
--

ALTER TABLE ONLY public.user_information
    ADD CONSTRAINT accounts_userinformation_pkey PRIMARY KEY (id);


--
-- Name: user_validation accounts_uservalidation_pkey; Type: CONSTRAINT; Schema: public; Owner: postgres
--

ALTER TABLE ONLY public.user_validation
    ADD CONSTRAINT accounts_uservalidation_pkey PRIMARY KEY (id);


--
-- Name: user_validation accounts_uservalidation_validation_code_key; Type: CONSTRAINT; Schema: public; Owner: postgres
--

ALTER TABLE ONLY public.user_validation
    ADD CONSTRAINT accounts_uservalidation_validation_code_key UNIQUE (validation_code);


--
-- Name: addresses_address addresses_address_pkey; Type: CONSTRAINT; Schema: public; Owner: postgres
--

ALTER TABLE ONLY public.addresses_address
    ADD CONSTRAINT addresses_address_pkey PRIMARY KEY (id);


--
-- Name: auth_group auth_group_name_key; Type: CONSTRAINT; Schema: public; Owner: postgres
--

ALTER TABLE ONLY public.auth_group
    ADD CONSTRAINT auth_group_name_key UNIQUE (name);


--
-- Name: auth_group_permissions auth_group_permissions_group_id_permission_id_0cd325b0_uniq; Type: CONSTRAINT; Schema: public; Owner: postgres
--

ALTER TABLE ONLY public.auth_group_permissions
    ADD CONSTRAINT auth_group_permissions_group_id_permission_id_0cd325b0_uniq UNIQUE (group_id, permission_id);


--
-- Name: auth_group_permissions auth_group_permissions_pkey; Type: CONSTRAINT; Schema: public; Owner: postgres
--

ALTER TABLE ONLY public.auth_group_permissions
    ADD CONSTRAINT auth_group_permissions_pkey PRIMARY KEY (id);


--
-- Name: auth_group auth_group_pkey; Type: CONSTRAINT; Schema: public; Owner: postgres
--

ALTER TABLE ONLY public.auth_group
    ADD CONSTRAINT auth_group_pkey PRIMARY KEY (id);


--
-- Name: auth_permission auth_permission_content_type_id_codename_01ab375a_uniq; Type: CONSTRAINT; Schema: public; Owner: postgres
--

ALTER TABLE ONLY public.auth_permission
    ADD CONSTRAINT auth_permission_content_type_id_codename_01ab375a_uniq UNIQUE (content_type_id, codename);


--
-- Name: auth_permission auth_permission_pkey; Type: CONSTRAINT; Schema: public; Owner: postgres
--

ALTER TABLE ONLY public.auth_permission
    ADD CONSTRAINT auth_permission_pkey PRIMARY KEY (id);


--
-- Name: department department_pkey; Type: CONSTRAINT; Schema: public; Owner: postgres
--

ALTER TABLE ONLY public.department
    ADD CONSTRAINT department_pkey PRIMARY KEY (id);


--
-- Name: django_admin_log django_admin_log_pkey; Type: CONSTRAINT; Schema: public; Owner: postgres
--

ALTER TABLE ONLY public.django_admin_log
    ADD CONSTRAINT django_admin_log_pkey PRIMARY KEY (id);


--
-- Name: django_content_type django_content_type_app_label_model_76bd3d3b_uniq; Type: CONSTRAINT; Schema: public; Owner: postgres
--

ALTER TABLE ONLY public.django_content_type
    ADD CONSTRAINT django_content_type_app_label_model_76bd3d3b_uniq UNIQUE (app_label, model);


--
-- Name: django_content_type django_content_type_pkey; Type: CONSTRAINT; Schema: public; Owner: postgres
--

ALTER TABLE ONLY public.django_content_type
    ADD CONSTRAINT django_content_type_pkey PRIMARY KEY (id);


--
-- Name: django_migrations django_migrations_pkey; Type: CONSTRAINT; Schema: public; Owner: postgres
--

ALTER TABLE ONLY public.django_migrations
    ADD CONSTRAINT django_migrations_pkey PRIMARY KEY (id);


--
-- Name: django_session django_session_pkey; Type: CONSTRAINT; Schema: public; Owner: postgres
--

ALTER TABLE ONLY public.django_session
    ADD CONSTRAINT django_session_pkey PRIMARY KEY (session_key);


--
-- Name: password_reset_otpcode password_reset_otpcode_pkey; Type: CONSTRAINT; Schema: public; Owner: postgres
--

ALTER TABLE ONLY public.password_reset_otpcode
    ADD CONSTRAINT password_reset_otpcode_pkey PRIMARY KEY (id);


--
-- Name: roles roles_pkey; Type: CONSTRAINT; Schema: public; Owner: postgres
--

ALTER TABLE ONLY public.roles
    ADD CONSTRAINT roles_pkey PRIMARY KEY (id);


--
-- Name: viewprofile_userprofile viewprofile_userprofile_pkey; Type: CONSTRAINT; Schema: public; Owner: postgres
--

ALTER TABLE ONLY public.viewprofile_userprofile
    ADD CONSTRAINT viewprofile_userprofile_pkey PRIMARY KEY (id);


--
-- Name: viewprofile_userprofile viewprofile_userprofile_user_id_key; Type: CONSTRAINT; Schema: public; Owner: postgres
--

ALTER TABLE ONLY public.viewprofile_userprofile
    ADD CONSTRAINT viewprofile_userprofile_user_id_key UNIQUE (user_id);


--
-- Name: accounts_role_department_id_6aeb01bd; Type: INDEX; Schema: public; Owner: postgres
--

CREATE INDEX accounts_role_department_id_6aeb01bd ON public.accounts_role USING btree (department_id);


--
-- Name: accounts_user_groups_group_id_bd11a704; Type: INDEX; Schema: public; Owner: postgres
--

CREATE INDEX accounts_user_groups_group_id_bd11a704 ON public.accounts_user_groups USING btree (group_id);


--
-- Name: accounts_user_groups_user_id_52b62117; Type: INDEX; Schema: public; Owner: postgres
--

CREATE INDEX accounts_user_groups_user_id_52b62117 ON public.accounts_user_groups USING btree (user_id);


--
-- Name: accounts_user_role_id_a6dd19b0; Type: INDEX; Schema: public; Owner: postgres
--

CREATE INDEX accounts_user_role_id_a6dd19b0 ON public.accounts_user USING btree (role_id);


--
-- Name: accounts_user_user_permissions_permission_id_113bb443; Type: INDEX; Schema: public; Owner: postgres
--

CREATE INDEX accounts_user_user_permissions_permission_id_113bb443 ON public.accounts_user_user_permissions USING btree (permission_id);


--
-- Name: accounts_user_user_permissions_user_id_e4f0a161; Type: INDEX; Schema: public; Owner: postgres
--

CREATE INDEX accounts_user_user_permissions_user_id_e4f0a161 ON public.accounts_user_user_permissions USING btree (user_id);


--
-- Name: accounts_user_username_6088629e_like; Type: INDEX; Schema: public; Owner: postgres
--

CREATE INDEX accounts_user_username_6088629e_like ON public.accounts_user USING btree (username varchar_pattern_ops);


--
-- Name: accounts_usererror_error_code_a6be9341_like; Type: INDEX; Schema: public; Owner: postgres
--

CREATE INDEX accounts_usererror_error_code_a6be9341_like ON public.user_error USING btree (error_code varchar_pattern_ops);


--
-- Name: accounts_userinformation_information_code_aa8f6f99_like; Type: INDEX; Schema: public; Owner: postgres
--

CREATE INDEX accounts_userinformation_information_code_aa8f6f99_like ON public.user_information USING btree (information_code varchar_pattern_ops);


--
-- Name: accounts_uservalidation_validation_code_be102037_like; Type: INDEX; Schema: public; Owner: postgres
--

CREATE INDEX accounts_uservalidation_validation_code_be102037_like ON public.user_validation USING btree (validation_code varchar_pattern_ops);


--
-- Name: addresses_address_user_id_01a7dcfa; Type: INDEX; Schema: public; Owner: postgres
--

CREATE INDEX addresses_address_user_id_01a7dcfa ON public.addresses_address USING btree (user_id);


--
-- Name: auth_group_name_a6ea08ec_like; Type: INDEX; Schema: public; Owner: postgres
--

CREATE INDEX auth_group_name_a6ea08ec_like ON public.auth_group USING btree (name varchar_pattern_ops);


--
-- Name: auth_group_permissions_group_id_b120cbf9; Type: INDEX; Schema: public; Owner: postgres
--

CREATE INDEX auth_group_permissions_group_id_b120cbf9 ON public.auth_group_permissions USING btree (group_id);


--
-- Name: auth_group_permissions_permission_id_84c5c92e; Type: INDEX; Schema: public; Owner: postgres
--

CREATE INDEX auth_group_permissions_permission_id_84c5c92e ON public.auth_group_permissions USING btree (permission_id);


--
-- Name: auth_permission_content_type_id_2f476e4b; Type: INDEX; Schema: public; Owner: postgres
--

CREATE INDEX auth_permission_content_type_id_2f476e4b ON public.auth_permission USING btree (content_type_id);


--
-- Name: django_admin_log_content_type_id_c4bce8eb; Type: INDEX; Schema: public; Owner: postgres
--

CREATE INDEX django_admin_log_content_type_id_c4bce8eb ON public.django_admin_log USING btree (content_type_id);


--
-- Name: django_admin_log_user_id_c564eba6; Type: INDEX; Schema: public; Owner: postgres
--

CREATE INDEX django_admin_log_user_id_c564eba6 ON public.django_admin_log USING btree (user_id);


--
-- Name: django_session_expire_date_a5c62663; Type: INDEX; Schema: public; Owner: postgres
--

CREATE INDEX django_session_expire_date_a5c62663 ON public.django_session USING btree (expire_date);


--
-- Name: django_session_session_key_c0390e0f_like; Type: INDEX; Schema: public; Owner: postgres
--

CREATE INDEX django_session_session_key_c0390e0f_like ON public.django_session USING btree (session_key varchar_pattern_ops);


--
-- Name: accounts_role accounts_role_department_id_6aeb01bd_fk_accounts_department_id; Type: FK CONSTRAINT; Schema: public; Owner: postgres
--

ALTER TABLE ONLY public.accounts_role
    ADD CONSTRAINT accounts_role_department_id_6aeb01bd_fk_accounts_department_id FOREIGN KEY (department_id) REFERENCES public.accounts_department(id) DEFERRABLE INITIALLY DEFERRED;


--
-- Name: accounts_user accounts_user_department_fk; Type: FK CONSTRAINT; Schema: public; Owner: postgres
--

ALTER TABLE ONLY public.accounts_user
    ADD CONSTRAINT accounts_user_department_fk FOREIGN KEY (department_id) REFERENCES public.accounts_department(id) ON DELETE SET NULL;


--
-- Name: accounts_user_groups accounts_user_groups_group_id_bd11a704_fk_auth_group_id; Type: FK CONSTRAINT; Schema: public; Owner: postgres
--

ALTER TABLE ONLY public.accounts_user_groups
    ADD CONSTRAINT accounts_user_groups_group_id_bd11a704_fk_auth_group_id FOREIGN KEY (group_id) REFERENCES public.auth_group(id) DEFERRABLE INITIALLY DEFERRED;


--
-- Name: accounts_user_groups accounts_user_groups_user_id_52b62117_fk_accounts_user_id; Type: FK CONSTRAINT; Schema: public; Owner: postgres
--

ALTER TABLE ONLY public.accounts_user_groups
    ADD CONSTRAINT accounts_user_groups_user_id_52b62117_fk_accounts_user_id FOREIGN KEY (user_id) REFERENCES public.accounts_user(id) DEFERRABLE INITIALLY DEFERRED;


--
-- Name: accounts_user accounts_user_role_fk; Type: FK CONSTRAINT; Schema: public; Owner: postgres
--

ALTER TABLE ONLY public.accounts_user
    ADD CONSTRAINT accounts_user_role_fk FOREIGN KEY (role_id) REFERENCES public.accounts_role(id) ON DELETE SET NULL;


--
-- Name: accounts_user accounts_user_role_id_a6dd19b0_fk_accounts_role_id; Type: FK CONSTRAINT; Schema: public; Owner: postgres
--

ALTER TABLE ONLY public.accounts_user
    ADD CONSTRAINT accounts_user_role_id_a6dd19b0_fk_accounts_role_id FOREIGN KEY (role_id) REFERENCES public.accounts_role(id) DEFERRABLE INITIALLY DEFERRED;


--
-- Name: accounts_user_user_permissions accounts_user_user_p_permission_id_113bb443_fk_auth_perm; Type: FK CONSTRAINT; Schema: public; Owner: postgres
--

ALTER TABLE ONLY public.accounts_user_user_permissions
    ADD CONSTRAINT accounts_user_user_p_permission_id_113bb443_fk_auth_perm FOREIGN KEY (permission_id) REFERENCES public.auth_permission(id) DEFERRABLE INITIALLY DEFERRED;


--
-- Name: accounts_user_user_permissions accounts_user_user_p_user_id_e4f0a161_fk_accounts_; Type: FK CONSTRAINT; Schema: public; Owner: postgres
--

ALTER TABLE ONLY public.accounts_user_user_permissions
    ADD CONSTRAINT accounts_user_user_p_user_id_e4f0a161_fk_accounts_ FOREIGN KEY (user_id) REFERENCES public.accounts_user(id) DEFERRABLE INITIALLY DEFERRED;


--
-- Name: addresses_address addresses_address_user_id_01a7dcfa_fk_accounts_user_id; Type: FK CONSTRAINT; Schema: public; Owner: postgres
--

ALTER TABLE ONLY public.addresses_address
    ADD CONSTRAINT addresses_address_user_id_01a7dcfa_fk_accounts_user_id FOREIGN KEY (user_id) REFERENCES public.accounts_user(id) DEFERRABLE INITIALLY DEFERRED;


--
-- Name: auth_group_permissions auth_group_permissio_permission_id_84c5c92e_fk_auth_perm; Type: FK CONSTRAINT; Schema: public; Owner: postgres
--

ALTER TABLE ONLY public.auth_group_permissions
    ADD CONSTRAINT auth_group_permissio_permission_id_84c5c92e_fk_auth_perm FOREIGN KEY (permission_id) REFERENCES public.auth_permission(id) DEFERRABLE INITIALLY DEFERRED;


--
-- Name: auth_group_permissions auth_group_permissions_group_id_b120cbf9_fk_auth_group_id; Type: FK CONSTRAINT; Schema: public; Owner: postgres
--

ALTER TABLE ONLY public.auth_group_permissions
    ADD CONSTRAINT auth_group_permissions_group_id_b120cbf9_fk_auth_group_id FOREIGN KEY (group_id) REFERENCES public.auth_group(id) DEFERRABLE INITIALLY DEFERRED;


--
-- Name: auth_permission auth_permission_content_type_id_2f476e4b_fk_django_co; Type: FK CONSTRAINT; Schema: public; Owner: postgres
--

ALTER TABLE ONLY public.auth_permission
    ADD CONSTRAINT auth_permission_content_type_id_2f476e4b_fk_django_co FOREIGN KEY (content_type_id) REFERENCES public.django_content_type(id) DEFERRABLE INITIALLY DEFERRED;


--
-- Name: django_admin_log django_admin_log_content_type_id_c4bce8eb_fk_django_co; Type: FK CONSTRAINT; Schema: public; Owner: postgres
--

ALTER TABLE ONLY public.django_admin_log
    ADD CONSTRAINT django_admin_log_content_type_id_c4bce8eb_fk_django_co FOREIGN KEY (content_type_id) REFERENCES public.django_content_type(id) DEFERRABLE INITIALLY DEFERRED;


--
-- Name: django_admin_log django_admin_log_user_id_c564eba6_fk_accounts_user_id; Type: FK CONSTRAINT; Schema: public; Owner: postgres
--

ALTER TABLE ONLY public.django_admin_log
    ADD CONSTRAINT django_admin_log_user_id_c564eba6_fk_accounts_user_id FOREIGN KEY (user_id) REFERENCES public.accounts_user(id) DEFERRABLE INITIALLY DEFERRED;


--
-- Name: viewprofile_userprofile viewprofile_userprofile_user_id_96d3ba26_fk_accounts_user_id; Type: FK CONSTRAINT; Schema: public; Owner: postgres
--

ALTER TABLE ONLY public.viewprofile_userprofile
    ADD CONSTRAINT viewprofile_userprofile_user_id_96d3ba26_fk_accounts_user_id FOREIGN KEY (user_id) REFERENCES public.accounts_user(id) DEFERRABLE INITIALLY DEFERRED;


--
-- PostgreSQL database dump complete
--

\unrestrict zxN7QCWw7J3Jdrvpqcj8bI5bhM9zo9bFvxjMvqUQ6FoSBUyC7TgDFsD5ZYRf2mV

