--
-- PostgreSQL database dump
--

\restrict xJYvFnIctcXILtD9MoawptJjZy9VOn54rGkx7e3HiYn5elvfLP2yDeBwhmBSPMV

-- Dumped from database version 17.6
-- Dumped by pg_dump version 17.6

SET statement_timeout = 0;
SET lock_timeout = 0;
SET idle_in_transaction_session_timeout = 0;
SET transaction_timeout = 0;
SET client_encoding = 'UTF8';
SET standard_conforming_strings = on;
SELECT pg_catalog.set_config('search_path', '', false);
SET check_function_bodies = false;
SET xmloption = content;
SET client_min_messages = warning;
SET row_security = off;

SET default_tablespace = '';

SET default_table_access_method = heap;

--
-- Name: accounts_department; Type: TABLE; Schema: public; Owner: postgres
--

CREATE TABLE public.accounts_department (
    id bigint NOT NULL,
    department_name character varying(100) NOT NULL,
    is_active boolean DEFAULT true NOT NULL
);


ALTER TABLE public.accounts_department OWNER TO postgres;

--
-- Name: accounts_department_id_seq; Type: SEQUENCE; Schema: public; Owner: postgres
--

ALTER TABLE public.accounts_department ALTER COLUMN id ADD GENERATED BY DEFAULT AS IDENTITY (
    SEQUENCE NAME public.accounts_department_id_seq
    START WITH 1
    INCREMENT BY 1
    NO MINVALUE
    NO MAXVALUE
    CACHE 1
);


--
-- Name: accounts_role; Type: TABLE; Schema: public; Owner: postgres
--

CREATE TABLE public.accounts_role (
    id bigint NOT NULL,
    role_name character varying(100) NOT NULL,
    is_active boolean DEFAULT true NOT NULL,
    department_id bigint
);


ALTER TABLE public.accounts_role OWNER TO postgres;

--
-- Name: accounts_role_id_seq; Type: SEQUENCE; Schema: public; Owner: postgres
--

ALTER TABLE public.accounts_role ALTER COLUMN id ADD GENERATED BY DEFAULT AS IDENTITY (
    SEQUENCE NAME public.accounts_role_id_seq
    START WITH 1
    INCREMENT BY 1
    NO MINVALUE
    NO MAXVALUE
    CACHE 1
);


--
-- Name: accounts_user; Type: TABLE; Schema: public; Owner: postgres
--

CREATE TABLE public.accounts_user (
    id bigint NOT NULL,
    password character varying(128) NOT NULL,
    last_login timestamp with time zone,
    is_superuser boolean NOT NULL,
    username character varying(150) NOT NULL,
    first_name character varying(150) NOT NULL,
    last_name character varying(150) NOT NULL,
    email character varying(254) NOT NULL,
    is_staff boolean NOT NULL,
    is_active boolean NOT NULL,
    date_joined timestamp with time zone NOT NULL,
    phone character varying(15),
    role_id bigint,
    department_id integer
);


ALTER TABLE public.accounts_user OWNER TO postgres;

--
-- Name: accounts_user_groups; Type: TABLE; Schema: public; Owner: postgres
--

CREATE TABLE public.accounts_user_groups (
    id bigint NOT NULL,
    user_id bigint NOT NULL,
    group_id integer NOT NULL
);


ALTER TABLE public.accounts_user_groups OWNER TO postgres;

--
-- Name: accounts_user_groups_id_seq; Type: SEQUENCE; Schema: public; Owner: postgres
--

ALTER TABLE public.accounts_user_groups ALTER COLUMN id ADD GENERATED BY DEFAULT AS IDENTITY (
    SEQUENCE NAME public.accounts_user_groups_id_seq
    START WITH 1
    INCREMENT BY 1
    NO MINVALUE
    NO MAXVALUE
    CACHE 1
);


--
-- Name: accounts_user_id_seq; Type: SEQUENCE; Schema: public; Owner: postgres
--

ALTER TABLE public.accounts_user ALTER COLUMN id ADD GENERATED BY DEFAULT AS IDENTITY (
    SEQUENCE NAME public.accounts_user_id_seq
    START WITH 1
    INCREMENT BY 1
    NO MINVALUE
    NO MAXVALUE
    CACHE 1
);


--
-- Name: accounts_user_user_permissions; Type: TABLE; Schema: public; Owner: postgres
--

CREATE TABLE public.accounts_user_user_permissions (
    id bigint NOT NULL,
    user_id bigint NOT NULL,
    permission_id integer NOT NULL
);


ALTER TABLE public.accounts_user_user_permissions OWNER TO postgres;

--
-- Name: accounts_user_user_permissions_id_seq; Type: SEQUENCE; Schema: public; Owner: postgres
--

ALTER TABLE public.accounts_user_user_permissions ALTER COLUMN id ADD GENERATED BY DEFAULT AS IDENTITY (
    SEQUENCE NAME public.accounts_user_user_permissions_id_seq
    START WITH 1
    INCREMENT BY 1
    NO MINVALUE
    NO MAXVALUE
    CACHE 1
);


--
-- Name: user_error; Type: TABLE; Schema: public; Owner: postgres
--

CREATE TABLE public.user_error (
    id bigint NOT NULL,
    error_code character varying(10) NOT NULL,
    error_message character varying(255) NOT NULL,
    category character varying(100)
);


ALTER TABLE public.user_error OWNER TO postgres;

--
-- Name: accounts_usererror_id_seq; Type: SEQUENCE; Schema: public; Owner: postgres
--

ALTER TABLE public.user_error ALTER COLUMN id ADD GENERATED BY DEFAULT AS IDENTITY (
    SEQUENCE NAME public.accounts_usererror_id_seq
    START WITH 1
    INCREMENT BY 1
    NO MINVALUE
    NO MAXVALUE
    CACHE 1
);


--
-- Name: user_information; Type: TABLE; Schema: public; Owner: postgres
--

CREATE TABLE public.user_information (
    id bigint NOT NULL,
    information_code character varying(10) NOT NULL,
    information_text character varying(255) NOT NULL,
    category character varying
);


ALTER TABLE public.user_information OWNER TO postgres;

--
-- Name: accounts_userinformation_id_seq; Type: SEQUENCE; Schema: public; Owner: postgres
--

ALTER TABLE public.user_information ALTER COLUMN id ADD GENERATED BY DEFAULT AS IDENTITY (
    SEQUENCE NAME public.accounts_userinformation_id_seq
    START WITH 1
    INCREMENT BY 1
    NO MINVALUE
    NO MAXVALUE
    CACHE 1
);


--
-- Name: user_validation; Type: TABLE; Schema: public; Owner: postgres
--

CREATE TABLE public.user_validation (
    id bigint NOT NULL,
    validation_code character varying(10) NOT NULL,
    validation_message character varying(255) NOT NULL,
    category character varying
);


ALTER TABLE public.user_validation OWNER TO postgres;

--
-- Name: accounts_uservalidation_id_seq; Type: SEQUENCE; Schema: public; Owner: postgres
--

ALTER TABLE public.user_validation ALTER COLUMN id ADD GENERATED BY DEFAULT AS IDENTITY (
    SEQUENCE NAME public.accounts_uservalidation_id_seq
    START WITH 1
    INCREMENT BY 1
    NO MINVALUE
    NO MAXVALUE
    CACHE 1
);


--
-- Name: addresses_address; Type: TABLE; Schema: public; Owner: postgres
--

CREATE TABLE public.addresses_address (
    id bigint NOT NULL,
    street character varying(255),
    city character varying(100),
    state character varying(100),
    postal_code character varying(20),
    country character varying(100) NOT NULL,
    created_at timestamp with time zone NOT NULL,
    user_id bigint NOT NULL,
    area character varying(255),
    district character varying(100),
    house_flat character varying(255),
    landmark character varying(255)
);


ALTER TABLE public.addresses_address OWNER TO postgres;

--
-- Name: addresses_address_id_seq; Type: SEQUENCE; Schema: public; Owner: postgres
--

ALTER TABLE public.addresses_address ALTER COLUMN id ADD GENERATED BY DEFAULT AS IDENTITY (
    SEQUENCE NAME public.addresses_address_id_seq
    START WITH 1
    INCREMENT BY 1
    NO MINVALUE
    NO MAXVALUE
    CACHE 1
);


--
-- Name: auth_group; Type: TABLE; Schema: public; Owner: postgres
--

CREATE TABLE public.auth_group (
    id integer NOT NULL,
    name character varying(150) NOT NULL
);


ALTER TABLE public.auth_group OWNER TO postgres;

--
-- Name: auth_group_id_seq; Type: SEQUENCE; Schema: public; Owner: postgres
--

ALTER TABLE public.auth_group ALTER COLUMN id ADD GENERATED BY DEFAULT AS IDENTITY (
    SEQUENCE NAME public.auth_group_id_seq
    START WITH 1
    INCREMENT BY 1
    NO MINVALUE
    NO MAXVALUE
    CACHE 1
);


--
-- Name: auth_group_permissions; Type: TABLE; Schema: public; Owner: postgres
--

CREATE TABLE public.auth_group_permissions (
    id bigint NOT NULL,
    group_id integer NOT NULL,
    permission_id integer NOT NULL
);


ALTER TABLE public.auth_group_permissions OWNER TO postgres;

--
-- Name: auth_group_permissions_id_seq; Type: SEQUENCE; Schema: public; Owner: postgres
--

ALTER TABLE public.auth_group_permissions ALTER COLUMN id ADD GENERATED BY DEFAULT AS IDENTITY (
    SEQUENCE NAME public.auth_group_permissions_id_seq
    START WITH 1
    INCREMENT BY 1
    NO MINVALUE
    NO MAXVALUE
    CACHE 1
);


--
-- Name: auth_permission; Type: TABLE; Schema: public; Owner: postgres
--

CREATE TABLE public.auth_permission (
    id integer NOT NULL,
    name character varying(255) NOT NULL,
    content_type_id integer NOT NULL,
    codename character varying(100) NOT NULL
);


ALTER TABLE public.auth_permission OWNER TO postgres;

--
-- Name: auth_permission_id_seq; Type: SEQUENCE; Schema: public; Owner: postgres
--

ALTER TABLE public.auth_permission ALTER COLUMN id ADD GENERATED BY DEFAULT AS IDENTITY (
    SEQUENCE NAME public.auth_permission_id_seq
    START WITH 1
    INCREMENT BY 1
    NO MINVALUE
    NO MAXVALUE
    CACHE 1
);


--
-- Name: department; Type: TABLE; Schema: public; Owner: postgres
--

CREATE TABLE public.department (
    id bigint NOT NULL,
    department_name character varying(128),
    is_active boolean DEFAULT true
);


ALTER TABLE public.department OWNER TO postgres;

--
-- Name: department_permissions; Type: TABLE; Schema: public; Owner: postgres
--

CREATE TABLE public.department_permissions (
    id integer NOT NULL,
    department_id integer NOT NULL,
    permission_id integer NOT NULL
);


ALTER TABLE public.department_permissions OWNER TO postgres;

--
-- Name: department_permissions_id_seq; Type: SEQUENCE; Schema: public; Owner: postgres
--

CREATE SEQUENCE public.department_permissions_id_seq
    AS integer
    START WITH 1
    INCREMENT BY 1
    NO MINVALUE
    NO MAXVALUE
    CACHE 1;


ALTER SEQUENCE public.department_permissions_id_seq OWNER TO postgres;

--
-- Name: department_permissions_id_seq; Type: SEQUENCE OWNED BY; Schema: public; Owner: postgres
--

ALTER SEQUENCE public.department_permissions_id_seq OWNED BY public.department_permissions.id;


--
-- Name: django_admin_log; Type: TABLE; Schema: public; Owner: postgres
--

CREATE TABLE public.django_admin_log (
    id integer NOT NULL,
    action_time timestamp with time zone NOT NULL,
    object_id text,
    object_repr character varying(200) NOT NULL,
    action_flag smallint NOT NULL,
    change_message text NOT NULL,
    content_type_id integer,
    user_id bigint NOT NULL,
    CONSTRAINT django_admin_log_action_flag_check CHECK ((action_flag >= 0))
);


ALTER TABLE public.django_admin_log OWNER TO postgres;

--
-- Name: django_admin_log_id_seq; Type: SEQUENCE; Schema: public; Owner: postgres
--

ALTER TABLE public.django_admin_log ALTER COLUMN id ADD GENERATED BY DEFAULT AS IDENTITY (
    SEQUENCE NAME public.django_admin_log_id_seq
    START WITH 1
    INCREMENT BY 1
    NO MINVALUE
    NO MAXVALUE
    CACHE 1
);


--
-- Name: django_content_type; Type: TABLE; Schema: public; Owner: postgres
--

CREATE TABLE public.django_content_type (
    id integer NOT NULL,
    app_label character varying(100) NOT NULL,
    model character varying(100) NOT NULL
);


ALTER TABLE public.django_content_type OWNER TO postgres;

--
-- Name: django_content_type_id_seq; Type: SEQUENCE; Schema: public; Owner: postgres
--

ALTER TABLE public.django_content_type ALTER COLUMN id ADD GENERATED BY DEFAULT AS IDENTITY (
    SEQUENCE NAME public.django_content_type_id_seq
    START WITH 1
    INCREMENT BY 1
    NO MINVALUE
    NO MAXVALUE
    CACHE 1
);


--
-- Name: django_migrations; Type: TABLE; Schema: public; Owner: postgres
--

CREATE TABLE public.django_migrations (
    id bigint NOT NULL,
    app character varying(255) NOT NULL,
    name character varying(255) NOT NULL,
    applied timestamp with time zone NOT NULL
);


ALTER TABLE public.django_migrations OWNER TO postgres;

--
-- Name: django_migrations_id_seq; Type: SEQUENCE; Schema: public; Owner: postgres
--

ALTER TABLE public.django_migrations ALTER COLUMN id ADD GENERATED BY DEFAULT AS IDENTITY (
    SEQUENCE NAME public.django_migrations_id_seq
    START WITH 1
    INCREMENT BY 1
    NO MINVALUE
    NO MAXVALUE
    CACHE 1
);


--
-- Name: django_session; Type: TABLE; Schema: public; Owner: postgres
--

CREATE TABLE public.django_session (
    session_key character varying(40) NOT NULL,
    session_data text NOT NULL,
    expire_date timestamp with time zone NOT NULL
);


ALTER TABLE public.django_session OWNER TO postgres;

--
-- Name: password_reset_otpcode; Type: TABLE; Schema: public; Owner: postgres
--

CREATE TABLE public.password_reset_otpcode (
    id bigint NOT NULL,
    email character varying(255) NOT NULL,
    otp_code character varying(6) NOT NULL,
    expiry_time timestamp with time zone NOT NULL
);


ALTER TABLE public.password_reset_otpcode OWNER TO postgres;

--
-- Name: password_reset_otpcode_id_seq; Type: SEQUENCE; Schema: public; Owner: postgres
--

ALTER TABLE public.password_reset_otpcode ALTER COLUMN id ADD GENERATED BY DEFAULT AS IDENTITY (
    SEQUENCE NAME public.password_reset_otpcode_id_seq
    START WITH 1
    INCREMENT BY 1
    NO MINVALUE
    NO MAXVALUE
    CACHE 1
);


--
-- Name: permissions; Type: TABLE; Schema: public; Owner: postgres
--

CREATE TABLE public.permissions (
    id integer NOT NULL,
    codename character varying(100) NOT NULL,
    name character varying(255) NOT NULL,
    description text,
    plan_id bigint,
    is_subscribed boolean DEFAULT false,
    subscription_start timestamp with time zone,
    subscription_end timestamp with time zone
);


ALTER TABLE public.permissions OWNER TO postgres;

--
-- Name: permissions_id_seq; Type: SEQUENCE; Schema: public; Owner: postgres
--

CREATE SEQUENCE public.permissions_id_seq
    AS integer
    START WITH 1
    INCREMENT BY 1
    NO MINVALUE
    NO MAXVALUE
    CACHE 1;


ALTER SEQUENCE public.permissions_id_seq OWNER TO postgres;

--
-- Name: permissions_id_seq; Type: SEQUENCE OWNED BY; Schema: public; Owner: postgres
--

ALTER SEQUENCE public.permissions_id_seq OWNED BY public.permissions.id;


--
-- Name: role_permissions; Type: TABLE; Schema: public; Owner: postgres
--

CREATE TABLE public.role_permissions (
    id integer NOT NULL,
    role_id integer NOT NULL,
    permission_id integer NOT NULL,
    is_allowed boolean DEFAULT true NOT NULL
);


ALTER TABLE public.role_permissions OWNER TO postgres;

--
-- Name: role_permissions_id_seq; Type: SEQUENCE; Schema: public; Owner: postgres
--

CREATE SEQUENCE public.role_permissions_id_seq
    AS integer
    START WITH 1
    INCREMENT BY 1
    NO MINVALUE
    NO MAXVALUE
    CACHE 1;


ALTER SEQUENCE public.role_permissions_id_seq OWNER TO postgres;

--
-- Name: role_permissions_id_seq; Type: SEQUENCE OWNED BY; Schema: public; Owner: postgres
--

ALTER SEQUENCE public.role_permissions_id_seq OWNED BY public.role_permissions.id;


--
-- Name: roles; Type: TABLE; Schema: public; Owner: postgres
--

CREATE TABLE public.roles (
    id bigint NOT NULL,
    role_name character varying(128),
    department_id bigint,
    is_active boolean DEFAULT true
);


ALTER TABLE public.roles OWNER TO postgres;

--
-- Name: subscription_feature_matrix; Type: TABLE; Schema: public; Owner: postgres
--

CREATE TABLE public.subscription_feature_matrix (
    id integer NOT NULL,
    slug text NOT NULL,
    name text NOT NULL,
    free text,
    basic text,
    pro text,
    enterprise text,
    data_type text DEFAULT 'boolean'::text NOT NULL
);


ALTER TABLE public.subscription_feature_matrix OWNER TO postgres;

--
-- Name: subscription_feature_matrix_id_seq; Type: SEQUENCE; Schema: public; Owner: postgres
--

CREATE SEQUENCE public.subscription_feature_matrix_id_seq
    AS integer
    START WITH 1
    INCREMENT BY 1
    NO MINVALUE
    NO MAXVALUE
    CACHE 1;


ALTER SEQUENCE public.subscription_feature_matrix_id_seq OWNER TO postgres;

--
-- Name: subscription_feature_matrix_id_seq; Type: SEQUENCE OWNED BY; Schema: public; Owner: postgres
--

ALTER SEQUENCE public.subscription_feature_matrix_id_seq OWNED BY public.subscription_feature_matrix.id;


--
-- Name: subscription_plan; Type: TABLE; Schema: public; Owner: postgres
--

CREATE TABLE public.subscription_plan (
    id bigint NOT NULL,
    slug character varying(50) NOT NULL,
    name character varying(100) NOT NULL,
    description text,
    price_cents integer NOT NULL,
    currency character varying(10) NOT NULL,
    billing_cycle character varying(20) NOT NULL,
    "interval" character varying(20) NOT NULL,
    is_active boolean NOT NULL,
    created_at timestamp with time zone NOT NULL,
    updated_at timestamp with time zone NOT NULL
);


ALTER TABLE public.subscription_plan OWNER TO postgres;

--
-- Name: subscription_plan_id_seq; Type: SEQUENCE; Schema: public; Owner: postgres
--

ALTER TABLE public.subscription_plan ALTER COLUMN id ADD GENERATED BY DEFAULT AS IDENTITY (
    SEQUENCE NAME public.subscription_plan_id_seq
    START WITH 1
    INCREMENT BY 1
    NO MINVALUE
    NO MAXVALUE
    CACHE 1
);


--
-- Name: subscriptions_usersubscription; Type: TABLE; Schema: public; Owner: postgres
--

CREATE TABLE public.subscriptions_usersubscription (
    id bigint NOT NULL,
    started_at timestamp with time zone NOT NULL,
    expires_at timestamp with time zone,
    active boolean NOT NULL,
    status character varying(20) NOT NULL,
    payment_provider character varying(50),
    payment_reference character varying(100),
    created_at timestamp with time zone NOT NULL,
    updated_at timestamp with time zone NOT NULL,
    plan_id bigint NOT NULL,
    user_id bigint NOT NULL
);


ALTER TABLE public.subscriptions_usersubscription OWNER TO postgres;

--
-- Name: subscriptions_usersubscription_id_seq; Type: SEQUENCE; Schema: public; Owner: postgres
--

ALTER TABLE public.subscriptions_usersubscription ALTER COLUMN id ADD GENERATED BY DEFAULT AS IDENTITY (
    SEQUENCE NAME public.subscriptions_usersubscription_id_seq
    START WITH 1
    INCREMENT BY 1
    NO MINVALUE
    NO MAXVALUE
    CACHE 1
);


--
-- Name: user_permission_override; Type: TABLE; Schema: public; Owner: postgres
--

CREATE TABLE public.user_permission_override (
    id integer NOT NULL,
    user_id integer NOT NULL,
    permission_id integer NOT NULL,
    is_allowed boolean NOT NULL
);


ALTER TABLE public.user_permission_override OWNER TO postgres;

--
-- Name: user_permission_override_id_seq; Type: SEQUENCE; Schema: public; Owner: postgres
--

CREATE SEQUENCE public.user_permission_override_id_seq
    AS integer
    START WITH 1
    INCREMENT BY 1
    NO MINVALUE
    NO MAXVALUE
    CACHE 1;


ALTER SEQUENCE public.user_permission_override_id_seq OWNER TO postgres;

--
-- Name: user_permission_override_id_seq; Type: SEQUENCE OWNED BY; Schema: public; Owner: postgres
--

ALTER SEQUENCE public.user_permission_override_id_seq OWNED BY public.user_permission_override.id;


--
-- Name: viewprofile_userprofile; Type: TABLE; Schema: public; Owner: postgres
--

CREATE TABLE public.viewprofile_userprofile (
    id bigint NOT NULL,
    name character varying(200) NOT NULL,
    phone character varying(20) NOT NULL,
    email character varying(254) NOT NULL,
    house character varying(200) NOT NULL,
    street character varying(200) NOT NULL,
    landmark character varying(200) NOT NULL,
    area character varying(200) NOT NULL,
    district character varying(200) NOT NULL,
    state character varying(200) NOT NULL,
    country character varying(100) NOT NULL,
    pincode character varying(20) NOT NULL,
    created_at timestamp with time zone NOT NULL,
    updated_at timestamp with time zone NOT NULL,
    user_id bigint
);


ALTER TABLE public.viewprofile_userprofile OWNER TO postgres;

--
-- Name: viewprofile_userprofile_id_seq; Type: SEQUENCE; Schema: public; Owner: postgres
--

ALTER TABLE public.viewprofile_userprofile ALTER COLUMN id ADD GENERATED BY DEFAULT AS IDENTITY (
    SEQUENCE NAME public.viewprofile_userprofile_id_seq
    START WITH 1
    INCREMENT BY 1
    NO MINVALUE
    NO MAXVALUE
    CACHE 1
);


--
-- Name: department_permissions id; Type: DEFAULT; Schema: public; Owner: postgres
--

ALTER TABLE ONLY public.department_permissions ALTER COLUMN id SET DEFAULT nextval('public.department_permissions_id_seq'::regclass);


--
-- Name: permissions id; Type: DEFAULT; Schema: public; Owner: postgres
--

ALTER TABLE ONLY public.permissions ALTER COLUMN id SET DEFAULT nextval('public.permissions_id_seq'::regclass);


--
-- Name: role_permissions id; Type: DEFAULT; Schema: public; Owner: postgres
--

ALTER TABLE ONLY public.role_permissions ALTER COLUMN id SET DEFAULT nextval('public.role_permissions_id_seq'::regclass);


--
-- Name: subscription_feature_matrix id; Type: DEFAULT; Schema: public; Owner: postgres
--

ALTER TABLE ONLY public.subscription_feature_matrix ALTER COLUMN id SET DEFAULT nextval('public.subscription_feature_matrix_id_seq'::regclass);


--
-- Name: user_permission_override id; Type: DEFAULT; Schema: public; Owner: postgres
--

ALTER TABLE ONLY public.user_permission_override ALTER COLUMN id SET DEFAULT nextval('public.user_permission_override_id_seq'::regclass);


--
-- Data for Name: accounts_department; Type: TABLE DATA; Schema: public; Owner: postgres
--

INSERT INTO public.accounts_department VALUES (1, 'General', true);
INSERT INTO public.accounts_department VALUES (2, 'Executive / Leadership', true);
INSERT INTO public.accounts_department VALUES (3, 'Human Resources (HR)', true);
INSERT INTO public.accounts_department VALUES (4, 'Finance & Accounts', true);
INSERT INTO public.accounts_department VALUES (5, 'Administration / Office Management', true);
INSERT INTO public.accounts_department VALUES (6, 'Information Technology (IT)', true);
INSERT INTO public.accounts_department VALUES (7, 'Software / Product / Engineering', true);
INSERT INTO public.accounts_department VALUES (8, 'Operations', true);
INSERT INTO public.accounts_department VALUES (9, 'Sales', true);
INSERT INTO public.accounts_department VALUES (10, 'Marketing', true);
INSERT INTO public.accounts_department VALUES (11, 'Customer Support / Service', true);
INSERT INTO public.accounts_department VALUES (12, 'Procurement / Purchase', true);
INSERT INTO public.accounts_department VALUES (13, 'Legal & Compliance', true);
INSERT INTO public.accounts_department VALUES (14, 'Logistics & Supply Chain', true);
INSERT INTO public.accounts_department VALUES (15, 'Research & Development (R&D)', true);
INSERT INTO public.accounts_department VALUES (16, 'Quality Assurance / Quality Control', true);
INSERT INTO public.accounts_department VALUES (17, 'Production / Manufacturing', true);
INSERT INTO public.accounts_department VALUES (18, 'Security', true);
INSERT INTO public.accounts_department VALUES (19, 'Facilities & Maintenance', true);
INSERT INTO public.accounts_department VALUES (20, 'Training & Development', true);
INSERT INTO public.accounts_department VALUES (21, 'Design / Creative', true);
INSERT INTO public.accounts_department VALUES (22, 'Data & Analytics', true);
INSERT INTO public.accounts_department VALUES (23, 'Corporate Strategy & Planning', true);
INSERT INTO public.accounts_department VALUES (24, 'Public Relations & Communications', true);
INSERT INTO public.accounts_department VALUES (25, 'CSR (Corporate Social Responsibility)', true);
INSERT INTO public.accounts_department VALUES (26, 'Human Rights', true);
INSERT INTO public.accounts_department VALUES (30, 'sample', true);
INSERT INTO public.accounts_department VALUES (31, 'qwe', true);
INSERT INTO public.accounts_department VALUES (39, 'aaaa', true);


--
-- Data for Name: accounts_role; Type: TABLE DATA; Schema: public; Owner: postgres
--

INSERT INTO public.accounts_role VALUES (1, 'Admin', true, 1);
INSERT INTO public.accounts_role VALUES (2, 'User', true, 1);
INSERT INTO public.accounts_role VALUES (3, 'CEO', true, 2);
INSERT INTO public.accounts_role VALUES (4, 'CTO', true, 2);
INSERT INTO public.accounts_role VALUES (5, 'COO', true, 2);
INSERT INTO public.accounts_role VALUES (6, 'CFO', true, 2);
INSERT INTO public.accounts_role VALUES (7, 'Vice President', true, 2);
INSERT INTO public.accounts_role VALUES (8, 'HR Manager', true, 3);
INSERT INTO public.accounts_role VALUES (9, 'HR Executive', true, 3);
INSERT INTO public.accounts_role VALUES (10, 'Recruiter / Talent Acquisition', true, 3);
INSERT INTO public.accounts_role VALUES (11, 'Payroll Officer', true, 3);
INSERT INTO public.accounts_role VALUES (12, 'HR Business Partner', true, 3);
INSERT INTO public.accounts_role VALUES (13, 'Finance Manager', true, 4);
INSERT INTO public.accounts_role VALUES (14, 'Accountant', true, 4);
INSERT INTO public.accounts_role VALUES (15, 'Financial Analyst', true, 4);
INSERT INTO public.accounts_role VALUES (16, 'Billing Executive', true, 4);
INSERT INTO public.accounts_role VALUES (17, 'Internal Auditor', true, 4);
INSERT INTO public.accounts_role VALUES (18, 'Admin Manager', true, 5);
INSERT INTO public.accounts_role VALUES (19, 'Receptionist', true, 5);
INSERT INTO public.accounts_role VALUES (20, 'Office Assistant', true, 5);
INSERT INTO public.accounts_role VALUES (21, 'Front Office Executive', true, 5);
INSERT INTO public.accounts_role VALUES (22, 'Procurement Assistant', true, 5);
INSERT INTO public.accounts_role VALUES (23, 'IT Manager', true, 6);
INSERT INTO public.accounts_role VALUES (24, 'System Administrator', true, 6);
INSERT INTO public.accounts_role VALUES (25, 'Database Administrator', true, 6);
INSERT INTO public.accounts_role VALUES (26, 'Network Engineer', true, 6);
INSERT INTO public.accounts_role VALUES (27, 'DevOps Engineer', true, 6);
INSERT INTO public.accounts_role VALUES (28, 'IT Support / Help Desk', true, 6);
INSERT INTO public.accounts_role VALUES (29, 'Product Manager', true, 7);
INSERT INTO public.accounts_role VALUES (30, 'Software Engineer', true, 7);
INSERT INTO public.accounts_role VALUES (31, 'QA Engineer', true, 7);
INSERT INTO public.accounts_role VALUES (32, 'UI/UX Designer', true, 7);
INSERT INTO public.accounts_role VALUES (33, 'Solution Architect', true, 7);
INSERT INTO public.accounts_role VALUES (34, 'Operations Manager', true, 8);
INSERT INTO public.accounts_role VALUES (35, 'Process Associate', true, 8);
INSERT INTO public.accounts_role VALUES (36, 'Supply Chain Manager', true, 8);
INSERT INTO public.accounts_role VALUES (37, 'Inventory Controller', true, 8);
INSERT INTO public.accounts_role VALUES (38, 'Warehouse Manager', true, 8);
INSERT INTO public.accounts_role VALUES (39, 'Sales Manager', true, 9);
INSERT INTO public.accounts_role VALUES (40, 'Sales Executive', true, 9);
INSERT INTO public.accounts_role VALUES (41, 'Business Development Manager', true, 9);
INSERT INTO public.accounts_role VALUES (42, 'Key Account Manager', true, 9);
INSERT INTO public.accounts_role VALUES (43, 'Lead Generation Executive', true, 9);
INSERT INTO public.accounts_role VALUES (44, 'Marketing Manager', true, 10);
INSERT INTO public.accounts_role VALUES (45, 'SEO Specialist', true, 10);
INSERT INTO public.accounts_role VALUES (46, 'Social Media Manager', true, 10);
INSERT INTO public.accounts_role VALUES (47, 'Content Writer', true, 10);
INSERT INTO public.accounts_role VALUES (48, 'Brand Manager', true, 10);
INSERT INTO public.accounts_role VALUES (49, 'Customer Support Executive', true, 11);
INSERT INTO public.accounts_role VALUES (50, 'Customer Success Manager', true, 11);
INSERT INTO public.accounts_role VALUES (51, 'Call Center Agent', true, 11);
INSERT INTO public.accounts_role VALUES (52, 'Technical Support Engineer', true, 11);
INSERT INTO public.accounts_role VALUES (53, 'Purchase Manager', true, 12);
INSERT INTO public.accounts_role VALUES (54, 'Vendor Manager', true, 12);
INSERT INTO public.accounts_role VALUES (55, 'Buyer / Purchaser', true, 12);
INSERT INTO public.accounts_role VALUES (56, 'Inventory Planner', true, 12);
INSERT INTO public.accounts_role VALUES (57, 'Legal Advisor', true, 13);
INSERT INTO public.accounts_role VALUES (58, 'Compliance Officer', true, 13);
INSERT INTO public.accounts_role VALUES (59, 'Contract Manager', true, 13);
INSERT INTO public.accounts_role VALUES (60, 'Company Secretary', true, 13);
INSERT INTO public.accounts_role VALUES (61, 'Logistics Manager', true, 14);
INSERT INTO public.accounts_role VALUES (62, 'Dispatch Coordinator', true, 14);
INSERT INTO public.accounts_role VALUES (63, 'Shipping Coordinator', true, 14);
INSERT INTO public.accounts_role VALUES (64, 'Supply Chain Analyst', true, 14);
INSERT INTO public.accounts_role VALUES (65, 'R&D Scientist', true, 15);
INSERT INTO public.accounts_role VALUES (66, 'Research Engineer', true, 15);
INSERT INTO public.accounts_role VALUES (67, 'Lab Technician', true, 15);
INSERT INTO public.accounts_role VALUES (68, 'QA/QC Manager', true, 16);
INSERT INTO public.accounts_role VALUES (69, 'Quality Inspector', true, 16);
INSERT INTO public.accounts_role VALUES (70, 'Process Compliance Officer', true, 16);
INSERT INTO public.accounts_role VALUES (71, 'Production Manager', true, 17);
INSERT INTO public.accounts_role VALUES (72, 'Machine Operator', true, 17);
INSERT INTO public.accounts_role VALUES (73, 'Maintenance Engineer', true, 17);
INSERT INTO public.accounts_role VALUES (74, 'Security Manager', true, 18);
INSERT INTO public.accounts_role VALUES (75, 'Security Guard', true, 18);
INSERT INTO public.accounts_role VALUES (76, 'CCTV Operator', true, 18);
INSERT INTO public.accounts_role VALUES (77, 'Facility Manager', true, 19);
INSERT INTO public.accounts_role VALUES (78, 'Electrician', true, 19);
INSERT INTO public.accounts_role VALUES (79, 'Office Boy', true, 19);
INSERT INTO public.accounts_role VALUES (80, 'Cleaner', true, 19);
INSERT INTO public.accounts_role VALUES (81, 'Corporate Trainer', true, 20);
INSERT INTO public.accounts_role VALUES (82, 'Training Manager', true, 20);
INSERT INTO public.accounts_role VALUES (83, 'Training Coordinator', true, 20);
INSERT INTO public.accounts_role VALUES (84, 'Graphic Designer', true, 21);
INSERT INTO public.accounts_role VALUES (85, 'Video Editor', true, 21);
INSERT INTO public.accounts_role VALUES (86, 'Animator', true, 21);
INSERT INTO public.accounts_role VALUES (87, 'Creative Director', true, 21);
INSERT INTO public.accounts_role VALUES (88, 'Data Analyst', true, 22);
INSERT INTO public.accounts_role VALUES (89, 'Data Scientist', true, 22);
INSERT INTO public.accounts_role VALUES (90, 'BI Developer', true, 22);
INSERT INTO public.accounts_role VALUES (91, 'Strategy Manager', true, 23);
INSERT INTO public.accounts_role VALUES (92, 'Business Analyst', true, 23);
INSERT INTO public.accounts_role VALUES (93, 'Project Manager', true, 23);
INSERT INTO public.accounts_role VALUES (94, 'PMO Lead', true, 23);
INSERT INTO public.accounts_role VALUES (95, 'PR Manager', true, 24);
INSERT INTO public.accounts_role VALUES (96, 'Communications Executive', true, 24);
INSERT INTO public.accounts_role VALUES (97, 'Event Coordinator', true, 24);
INSERT INTO public.accounts_role VALUES (98, 'CSR Manager', true, 25);
INSERT INTO public.accounts_role VALUES (99, 'CSR Coordinator', true, 25);
INSERT INTO public.accounts_role VALUES (100, 'Sustainability Officer', true, 25);
INSERT INTO public.accounts_role VALUES (101, 'Human rights manager', true, 26);
INSERT INTO public.accounts_role VALUES (102, 'Human rights female officer', true, 26);
INSERT INTO public.accounts_role VALUES (104, 'human rights advisor', true, 26);
INSERT INTO public.accounts_role VALUES (117, 'aa1', true, 39);
INSERT INTO public.accounts_role VALUES (118, 'aa11', true, 39);


--
-- Data for Name: accounts_user; Type: TABLE DATA; Schema: public; Owner: postgres
--

INSERT INTO public.accounts_user VALUES (9, 'pbkdf2_sha256$1000000$e66TahiFAlGAVHlZ4ABdLK$RsJd6OMl2EQQWTbLOHOUGOC7Pm0mFnI6Hv70kwFqjCg=', NULL, false, 'jay', '', '', 'jay@gmail.com', false, true, '2025-10-28 22:12:17.547057+05:30', '7898332292', 25, 6);
INSERT INTO public.accounts_user VALUES (13, 'pbkdf2_sha256$1000000$9WNbA7pnVqpwYn0RHnqmdz$HYiQQK0l39UalowfJbj41Kq4HB+JFaMyRnsz4685A+w=', NULL, false, 'cherry', '', '', 'cheery@gmail.com', false, true, '2025-10-30 12:31:39.67127+05:30', '9898332202', 33, 7);
INSERT INTO public.accounts_user VALUES (14, 'pbkdf2_sha256$1000000$OiFeNjGdoSccj25iDhQGQo$xczCLeTIo3RmhtIwYj4r0UYskQ6Q+2J0H2vlgPXgSd0=', NULL, false, 'aditya', 'adi', 'tya', 'aditya@gmail.com', false, true, '2025-10-30 12:52:22.240358+05:30', '8723112239', 2, 1);
INSERT INTO public.accounts_user VALUES (5, 'pbkdf2_sha256$1000000$EaLDbhMNGybNakIEPwEHCG$ziCuUYe/tW3F/BdX4ywG7pZN7toNQpgLfeGDOKHQuMA=', '2025-11-12 13:48:23.583867+05:30', true, 'admin', 'Yaswanth', 'B', 'yaswanths1th9999@gmail.com', true, true, '2025-10-27 17:47:21.683814+05:30', '7989332202', 1, 1);
INSERT INTO public.accounts_user VALUES (53, 'pbkdf2_sha256$1000000$wIcr0Rwru2M3FcfJWU69P2$cHYK1Pu8KH0wDj9clc2VZZgh2AXKZzxmrS1ILfSXEZc=', NULL, false, 'sample', 'sample', 'S', 'yaswanths1th001@gmail.com', false, true, '2025-11-11 23:52:41.944981+05:30', '7989332202', 11, 3);
INSERT INTO public.accounts_user VALUES (47, 'pbkdf2_sha256$1000000$NTjHZhFYoFlmD1TvQyKlqd$rfu6DMoLE6CH+JOAsHzGzu0wp3xoDmZMmCzceJAlY0U=', NULL, false, 'tarak9999', 'tarak', 'ntr', 'tarak@gmail.com', false, true, '2025-11-11 15:49:54.079383+05:30', '7821342134', 8, 3);
INSERT INTO public.accounts_user VALUES (43, 'pbkdf2_sha256$1000000$UabTASRjroP4Ya7vDva92T$SbWkZVW4Y7DM+wDbQuHPQ8jhLG4MWgzOJ+PoEzR7yJI=', NULL, false, 'tony', 'tony', 't', 'ane32653@gmail.com', false, true, '2025-11-07 18:27:37.217071+05:30', '7989332202', 18, 5);
INSERT INTO public.accounts_user VALUES (4, 'pbkdf2_sha256$1000000$jKbAG9yyJAfl6B4w2GZ8UO$YWr5ZLQ4oO9GQ6vcw5WZDwyQMkIjJQJBpbJ2fS/qeK8=', NULL, true, 'yash', 'B', 'insane', 'yash@gmail.com', true, true, '2024-01-01 00:00:00+05:30', NULL, 32, 7);
INSERT INTO public.accounts_user VALUES (20, 'pbkdf2_sha256$1000000$6ftjH9Y9lmLw1rUBiPHThu$KV4BGJCP3wXRAhdOs+jm7NktQJmLvIbTc7cjhGAyZWQ=', NULL, false, 'raina', 'sureshh', 'Rainaa', 'raina@gmail.com', false, true, '2025-10-30 19:24:10.544914+05:30', '9892112202', 34, 8);
INSERT INTO public.accounts_user VALUES (8, 'pbkdf2_sha256$1000000$jKbAG9yyJAfl6B4w2GZ8UO$YWr5ZLQ4oO9GQ6vcw5WZDwyQMkIjJQJBpbJ2fS/qeK8=', NULL, true, 'a', 'b', 'c', 'abc@gmail.com', true, true, '2025-01-01 00:00:00+05:30', NULL, 1, NULL);
INSERT INTO public.accounts_user VALUES (72, 'pbkdf2_sha256$1000000$KJD4cKyyAz68iDCDCFrEtv$D2RPmfdadvzq9vaPZRClzNZn/BoaUrs9BnQaEXYOuj8=', NULL, false, 'zffgfg', 'asfdsdf', 'sdg', 'h@gmail.com', false, true, '2025-11-25 17:39:40.303786+05:30', '6789098765', 2, 1);
INSERT INTO public.accounts_user VALUES (10, 'pbkdf2_sha256$1000000$lUUQpF4DnqXcWMPfDQaDnP$z9DVUIO9/0HZd5NGeJC1v6EkhjWu3qEPbeWo+YV+AVE=', NULL, false, 'insane', '', '', 'jayinsane@gmail.com', false, true, '2025-10-28 22:20:22.732501+05:30', '7898332292', 2, NULL);
INSERT INTO public.accounts_user VALUES (11, 'pbkdf2_sha256$1000000$Xg1Fv2Aq5Xxr833QYohmIy$osBDDMnf4MBIy12ZtW9qNw+ufnNJNOze9jd+ovNWxmI=', NULL, false, 'mahi', '', '', 'mahi@gmail.com', false, true, '2025-10-29 09:57:57.673722+05:30', '8898798923', 2, NULL);
INSERT INTO public.accounts_user VALUES (12, 'pbkdf2_sha256$1000000$I6STJBunKFzjuvnDSpnEK0$zyENQoeFmjHmWcHpTVPQBn+uMCyqOwtObsg1hy9C9VY=', NULL, false, 'eshwar', '', '', 'eshwar@gmail.com', false, true, '2025-10-29 10:44:19.706539+05:30', '9843223323', 2, NULL);
INSERT INTO public.accounts_user VALUES (70, 'pbkdf2_sha256$1000000$EJu3n1YkDiBZDTL4jmyOdq$zTcEy8IllJ/C1cDEOPAUd8rB6iwLNcU5NDQEsSnJZbc=', NULL, false, 'surya', 'surya', 'SJ', 'surya@gmail.com', false, true, '2025-11-14 10:04:22.217522+05:30', '7621334423', 8, 3);
INSERT INTO public.accounts_user VALUES (17, 'pbkdf2_sha256$1000000$hvIJ103X1WPLp15XDF949J$UV1Pk2tLradJ9vEsE/FKWGDBlbcNfWg/ZQI8nIPPMtY=', NULL, false, 'lokesh', '', '', 'lokesh@gmail.com', false, true, '2025-10-30 16:25:54.000587+05:30', '8833229920', 2, NULL);
INSERT INTO public.accounts_user VALUES (19, 'pbkdf2_sha256$1000000$pFwjbd9rBrelsBvuve9eut$OuHh0MzpKX83yLqPAndFcgFy0BLzvChLumnxh7fZp5c=', NULL, false, 'insaneyash', '', '', 'insaneyash@gmail.com', false, true, '2025-10-30 18:47:39.168079+05:30', '07989332202', 2, NULL);
INSERT INTO public.accounts_user VALUES (21, 'pbkdf2_sha256$1000000$COikW3xjck85gBEGZoAIrv$r5OubGL8YV+5u1ue5t1qZ8OeRgHVHt6afzGHcm0ZCGQ=', NULL, false, 'Pavan', '', '', 'pavansri688@gmail.com', false, true, '2025-10-30 20:21:07.452325+05:30', '9000766649', 2, NULL);
INSERT INTO public.accounts_user VALUES (25, 'pbkdf2_sha256$1000000$1l5D5WBnEYPxjPJXIfHn1T$su3tnh5NtANItjk3iIrp+mzil15/5PyxzBojn8qNosM=', NULL, false, 'atester', 'AA', 'TESTER', 'atester@gmail.com', false, true, '2025-11-01 16:41:37.849115+05:30', '8972112202', 2, NULL);
INSERT INTO public.accounts_user VALUES (71, 'pbkdf2_sha256$1000000$FL1D3xasWORpXwZK5hPIMr$Xzldh1FfGAZrMIKg7RDGYhvDoKPO5qvyFcE8J/+Eugg=', NULL, false, 'arya', 'arya', 'A', 'arya@gmail.com', false, true, '2025-11-25 11:06:02.598514+05:30', '8885113099', 2, 1);
INSERT INTO public.accounts_user VALUES (22, 'pbkdf2_sha256$1000000$5nu2V1Lb1YSm7HGsBdchb3$lESlBEkfMDH5yu62pW1NJ3KaxFP4T3p3wBDx+HQSqL4=', NULL, false, 'jayinsane', 'insane', 'Here', 'insaneflash001@gmail.com', false, true, '2025-10-31 23:09:24.343595+05:30', '7989332202', 2, NULL);
INSERT INTO public.accounts_user VALUES (33, '', NULL, false, 'addedbyadmin', 'added', 'admin', 'adminadd@gmail.com', false, true, '2025-11-06 12:16:17.8165+05:30', '7672392331', 25, 6);
INSERT INTO public.accounts_user VALUES (73, 'pbkdf2_sha256$1000000$1ElmuTnuxVmkjSk7t2RlPf$rLHN14ZMHjXJw0/Tea9XH6VRmgNNm5X//l5mu9WtVR0=', NULL, false, 'kj', 'jhg', 'n', 'harry9014352@gmail.com', false, true, '2025-11-25 19:01:31.29496+05:30', '1234567890', 2, 1);
INSERT INTO public.accounts_user VALUES (29, 'pbkdf2_sha256$1000000$CLX9XeXBOZ9XAXLSfQyRJh$LQWF3kLHvNjwhUiXuWMB9Qsec+ju2bzqTiBATZONGb8=', NULL, false, 'sureshj', 'suresh', 'jana', 'janasuresh2017@gmail.com', false, true, '2025-11-03 09:42:55.602865+05:30', '7680030777', 11, 3);
INSERT INTO public.accounts_user VALUES (34, '', NULL, false, 'addedbyadmin1', 'addedby', 'admin1', 'addedbyadmin1@gmail.com', false, false, '2025-11-06 12:18:52.976416+05:30', '', 10, 3);
INSERT INTO public.accounts_user VALUES (35, 'pbkdf2_sha256$1000000$VZFziwOnODqMMRpfPFK7k0$ZFMg5OFSwtJQGcIvAx6BCwoHn29NFcq37jvsPmxIMa0=', NULL, false, 'sam', 'sam', 'd', 'sam@gmail.com', false, true, '2025-11-06 16:50:20.602159+05:30', '7621334423', 2, 1);
INSERT INTO public.accounts_user VALUES (74, 'pbkdf2_sha256$1000000$N0yuO0QKcJB2Fb2tfcAwxU$wT3HvnIGZWYpv3kGHBzlvw8HRhRjUFoSleoukNbTELI=', NULL, false, 'jo', 'mahi', 'j', 'jo@gmail.com', false, true, '2025-12-01 17:18:22.409464+05:30', '7456325896', 2, 1);
INSERT INTO public.accounts_user VALUES (75, 'pbkdf2_sha256$1000000$v10urRTaZPj20J0QOVMkV1$4X+ybN4h9AnJebEL+W/fvkq9gDZDxc8lXrM2Brpim08=', NULL, false, 'admin1', 'mhb', 'mhb', 'ngv@gmail.vjh', false, true, '2025-12-01 18:24:15.668583+05:30', '7852369852', 2, 1);
INSERT INTO public.accounts_user VALUES (76, 'pbkdf2_sha256$1000000$CTaSk9UPx4CJfWjEmjSu8a$IcHn97FA4aT7ABHzJfLE/c4vtsg5vlONggfLuSI7nvo=', NULL, false, 'admin2', 'sdfsdf', 'Jana', '20221a4520wweasd@gmail.com', false, true, '2025-12-01 18:32:45.117751+05:30', '7981357575', 2, 1);
INSERT INTO public.accounts_user VALUES (77, 'pbkdf2_sha256$1000000$pONpaiqnWFQqQIyauqwcpT$/VmXY+JiCG8bw/OHUU/RuWxL7jdZbyUGyfeNx+xJrCo=', NULL, false, 'admin3', 'Baby Mahendra', 'Jana', '20221a4520@gmail.com', false, true, '2025-12-01 18:33:34.430237+05:30', '7981357575', 2, 1);
INSERT INTO public.accounts_user VALUES (65, 'pbkdf2_sha256$1000000$EaLDbhMNGybNakIEPwEHCG$ziCuUYe/tW3F/BdX4ywG7pZN7toNQpgLfeGDOKHQuMA=', NULL, false, 'thalapathy', 'maahi', 'J', 'mahendra200310@gmail.com', false, true, '2025-11-13 17:19:09.47607+05:30', '7680030777', 1, 1);
INSERT INTO public.accounts_user VALUES (78, 'pbkdf2_sha256$1000000$8Vf5wKA0KsFNAxQdhFBaG0$dv0w3rtg9eGNNav7O2j1oTVrHuhPq4CbPjb0oApEP/k=', NULL, false, 'testuser', '', '', 'test@test.com', false, true, '2025-12-03 20:29:18.074951+05:30', NULL, NULL, NULL);
INSERT INTO public.accounts_user VALUES (79, 'pbkdf2_sha256$1000000$BK7E0EFVlqLzATZKngZQRg$k3/qQFAlKfZQFapMvW/of5EybEA/EBXw4wpn1vBF97g=', NULL, false, 'eswar', 'Eswar', 'Yerra', 'eswaryerra530@gmail.com', false, true, '2025-12-07 11:10:35.924709+05:30', '8985358662', 2, 1);
INSERT INTO public.accounts_user VALUES (80, 'pbkdf2_sha256$1000000$7B8kNEnEajtOtJgHzJQpwG$IATk/R/K9wog5YJmwajwCvX5U79r49Yeh4CPOTM+tIQ=', NULL, false, 'Mahesh', 'Mahesh', 'll', 'janamahi10@gmail.com', false, true, '2025-12-08 20:40:15.39712+05:30', '7852369852', 2, 1);


--
-- Data for Name: accounts_user_groups; Type: TABLE DATA; Schema: public; Owner: postgres
--



--
-- Data for Name: accounts_user_user_permissions; Type: TABLE DATA; Schema: public; Owner: postgres
--



--
-- Data for Name: addresses_address; Type: TABLE DATA; Schema: public; Owner: postgres
--

INSERT INTO public.addresses_address VALUES (2, '2nd floor,fms building, jambagh, koti, chowrastha', 'Hyderabad', 'Telangana', '500001', 'India', '2025-10-30 16:26:49.724032+05:30', 17, NULL, NULL, NULL, NULL);
INSERT INTO public.addresses_address VALUES (4, '3rd floor , 2nd Street, SBI Bank, Mandapeta', 'East Godavari', 'Andhra Pradesh', '533308', 'India', '2025-10-30 20:22:37.203157+05:30', 21, NULL, NULL, NULL, NULL);
INSERT INTO public.addresses_address VALUES (9, '8th line', 'Chennai', 'Tamil Nadu', '600001', 'India', '2025-11-01 16:42:54.502032+05:30', 25, 'shollingnallur', 'CHENNAI', '1st floor', 'mango tree opp');
INSERT INTO public.addresses_address VALUES (21, '9', 'Nampally', 'Telangana', '500001', 'India', '2025-11-06 12:18:53.057833+05:30', 34, '', 'Hyderabad', '9', '');
INSERT INTO public.addresses_address VALUES (19, '33', 'Chirala', 'Andhra Pradesh', '523187', 'India', '2025-11-06 08:38:29.581312+05:30', 22, '', 'Prakasam', '33', '');
INSERT INTO public.addresses_address VALUES (14, '2nd street', 'Tirumalagiri', 'Telangana', '500094', 'India', '2025-11-03 09:44:44.864754+05:30', 29, 'hitechcity', 'Hyderabad', '120', 'near bank');
INSERT INTO public.addresses_address VALUES (22, '1', 'Tondiarpet Fort St George', 'Tamil Nadu', '600003', 'India', '2025-11-06 17:06:54.537243+05:30', 35, '1', 'Chennai', '1', '1');
INSERT INTO public.addresses_address VALUES (5, 'jambagh, chowrastha, koti', 'Hyderabad', 'Telangana', '500094', 'India', '2025-10-31 10:09:04.132046+05:30', 20, 'chowrastha', 'rr', '21', 'near temple');
INSERT INTO public.addresses_address VALUES (16, '2,', 'Chennai', 'Tamil Nadu', '600001', 'India', '2025-11-05 17:09:51.254162+05:30', 5, 'dg', 'Chennai', '1,', 'dfg');
INSERT INTO public.addresses_address VALUES (44, '77', 'Malikipuram', 'Andhra Pradesh', '533253', 'India', '2025-11-13 17:19:10.293059+05:30', 65, '77', 'East Godavari', '333', NULL);
INSERT INTO public.addresses_address VALUES (24, '33', 'Chirala', 'Andhra Pradesh', '523187', 'India', '2025-11-07 11:35:47.204638+05:30', 4, 'apt', 'Prakasam', '3', '');
INSERT INTO public.addresses_address VALUES (25, '1', 'Chennai', 'Tamil Nadu', '600001', 'India', '2025-11-07 11:36:22.246443+05:30', 9, 'shollingnallur', 'Chennai', '333', '');
INSERT INTO public.addresses_address VALUES (20, '9', 'Chirala', 'Andhra Pradesh', '523135', 'India', '2025-11-06 12:16:17.887207+05:30', 33, '', 'Prakasam', '9', '');
INSERT INTO public.addresses_address VALUES (17, '9th', 'Nampally', 'Telangana', '500001', 'India', '2025-11-06 08:26:40.051454+05:30', 14, 'hyd', 'Hyderabad', '120', 'koti');
INSERT INTO public.addresses_address VALUES (48, '2', 'Kanchili Mandal', 'Andhra Pradesh', '532291', 'India', '2025-11-24 20:54:35.126586+05:30', 70, 'ms palli@', 'Srikakulam', '1', 'ms palli');
INSERT INTO public.addresses_address VALUES (13, 'BVS', 'Chennai', 'Tamil Nadu', '600001', 'India', '2025-11-02 11:01:40.086069+05:30', 5, 'shollingnallur', 'Chennai', '333', 'near temple');
INSERT INTO public.addresses_address VALUES (32, '33', 'Chennai', 'Tamil Nadu', '600001', 'India', '2025-11-11 23:52:42.918529+05:30', 53, 'cv', 'Chennai', '33', '');
INSERT INTO public.addresses_address VALUES (49, 'dfgdgggf@@', 'Malikipuram', 'Andhra Pradesh', '533253', 'India', '2025-11-25 17:39:41.190304+05:30', 70, 'df', 'East Godavari', 'sf', '');
INSERT INTO public.addresses_address VALUES (50, 'sadfsdaf', 'Malikipuram', 'Andhra Pradesh', '533253', 'India', '2025-11-25 17:47:29.133845+05:30', 71, 'sfa', 'East Godavari', 'dsafsdf', 'sadf');
INSERT INTO public.addresses_address VALUES (26, '2nd street', 'Nampally', 'Telangana', '500001', 'India', '2025-11-07 18:27:37.933149+05:30', 43, 'chowrastha', 'Hyderabad', '3', '');
INSERT INTO public.addresses_address VALUES (29, '99', 'Saroornagar', 'Telangana', '500005', 'India', '2025-11-11 15:50:49.371599+05:30', 47, 'RFC', 'Rangareddy', '9', '');
INSERT INTO public.addresses_address VALUES (51, 'dg', 'Sakhinetipalli Mandal', 'Andhra Pradesh', '533252', 'India', '2025-12-01 17:18:59.792206+05:30', 74, 'dsg', 'East Godavari', 'sdg', 'dg');
INSERT INTO public.addresses_address VALUES (52, '9', 'Nampally', 'Telangana', '500001', 'India', '2025-12-08 20:29:31.906695+05:30', 79, 'koti', 'Hyderabad', '9', 'bank street');


--
-- Data for Name: auth_group; Type: TABLE DATA; Schema: public; Owner: postgres
--



--
-- Data for Name: auth_group_permissions; Type: TABLE DATA; Schema: public; Owner: postgres
--



--
-- Data for Name: auth_permission; Type: TABLE DATA; Schema: public; Owner: postgres
--

INSERT INTO public.auth_permission VALUES (1, 'Can add log entry', 1, 'add_logentry');
INSERT INTO public.auth_permission VALUES (2, 'Can change log entry', 1, 'change_logentry');
INSERT INTO public.auth_permission VALUES (3, 'Can delete log entry', 1, 'delete_logentry');
INSERT INTO public.auth_permission VALUES (4, 'Can view log entry', 1, 'view_logentry');
INSERT INTO public.auth_permission VALUES (5, 'Can add permission', 2, 'add_permission');
INSERT INTO public.auth_permission VALUES (6, 'Can change permission', 2, 'change_permission');
INSERT INTO public.auth_permission VALUES (7, 'Can delete permission', 2, 'delete_permission');
INSERT INTO public.auth_permission VALUES (8, 'Can view permission', 2, 'view_permission');
INSERT INTO public.auth_permission VALUES (9, 'Can add group', 3, 'add_group');
INSERT INTO public.auth_permission VALUES (10, 'Can change group', 3, 'change_group');
INSERT INTO public.auth_permission VALUES (11, 'Can delete group', 3, 'delete_group');
INSERT INTO public.auth_permission VALUES (12, 'Can view group', 3, 'view_group');
INSERT INTO public.auth_permission VALUES (13, 'Can add content type', 4, 'add_contenttype');
INSERT INTO public.auth_permission VALUES (14, 'Can change content type', 4, 'change_contenttype');
INSERT INTO public.auth_permission VALUES (15, 'Can delete content type', 4, 'delete_contenttype');
INSERT INTO public.auth_permission VALUES (16, 'Can view content type', 4, 'view_contenttype');
INSERT INTO public.auth_permission VALUES (17, 'Can add session', 5, 'add_session');
INSERT INTO public.auth_permission VALUES (18, 'Can change session', 5, 'change_session');
INSERT INTO public.auth_permission VALUES (19, 'Can delete session', 5, 'delete_session');
INSERT INTO public.auth_permission VALUES (20, 'Can view session', 5, 'view_session');
INSERT INTO public.auth_permission VALUES (21, 'Can add user', 6, 'add_user');
INSERT INTO public.auth_permission VALUES (22, 'Can change user', 6, 'change_user');
INSERT INTO public.auth_permission VALUES (23, 'Can delete user', 6, 'delete_user');
INSERT INTO public.auth_permission VALUES (24, 'Can view user', 6, 'view_user');
INSERT INTO public.auth_permission VALUES (25, 'Can add address', 7, 'add_address');
INSERT INTO public.auth_permission VALUES (26, 'Can change address', 7, 'change_address');
INSERT INTO public.auth_permission VALUES (27, 'Can delete address', 7, 'delete_address');
INSERT INTO public.auth_permission VALUES (28, 'Can view address', 7, 'view_address');
INSERT INTO public.auth_permission VALUES (29, 'Can add otp code', 8, 'add_otpcode');
INSERT INTO public.auth_permission VALUES (30, 'Can change otp code', 8, 'change_otpcode');
INSERT INTO public.auth_permission VALUES (31, 'Can delete otp code', 8, 'delete_otpcode');
INSERT INTO public.auth_permission VALUES (32, 'Can view otp code', 8, 'view_otpcode');
INSERT INTO public.auth_permission VALUES (33, 'Can add user profile', 9, 'add_userprofile');
INSERT INTO public.auth_permission VALUES (34, 'Can change user profile', 9, 'change_userprofile');
INSERT INTO public.auth_permission VALUES (35, 'Can delete user profile', 9, 'delete_userprofile');
INSERT INTO public.auth_permission VALUES (36, 'Can view user profile', 9, 'view_userprofile');
INSERT INTO public.auth_permission VALUES (37, 'Can add department', 10, 'add_department');
INSERT INTO public.auth_permission VALUES (38, 'Can change department', 10, 'change_department');
INSERT INTO public.auth_permission VALUES (39, 'Can delete department', 10, 'delete_department');
INSERT INTO public.auth_permission VALUES (40, 'Can view department', 10, 'view_department');
INSERT INTO public.auth_permission VALUES (41, 'Can add role', 11, 'add_role');
INSERT INTO public.auth_permission VALUES (42, 'Can change role', 11, 'change_role');
INSERT INTO public.auth_permission VALUES (43, 'Can delete role', 11, 'delete_role');
INSERT INTO public.auth_permission VALUES (44, 'Can view role', 11, 'view_role');
INSERT INTO public.auth_permission VALUES (45, 'Can add user error', 12, 'add_usererror');
INSERT INTO public.auth_permission VALUES (46, 'Can change user error', 12, 'change_usererror');
INSERT INTO public.auth_permission VALUES (47, 'Can delete user error', 12, 'delete_usererror');
INSERT INTO public.auth_permission VALUES (48, 'Can view user error', 12, 'view_usererror');
INSERT INTO public.auth_permission VALUES (49, 'Can add user information', 13, 'add_userinformation');
INSERT INTO public.auth_permission VALUES (50, 'Can change user information', 13, 'change_userinformation');
INSERT INTO public.auth_permission VALUES (51, 'Can delete user information', 13, 'delete_userinformation');
INSERT INTO public.auth_permission VALUES (52, 'Can view user information', 13, 'view_userinformation');
INSERT INTO public.auth_permission VALUES (53, 'Can add user validation', 14, 'add_uservalidation');
INSERT INTO public.auth_permission VALUES (54, 'Can change user validation', 14, 'change_uservalidation');
INSERT INTO public.auth_permission VALUES (55, 'Can delete user validation', 14, 'delete_uservalidation');
INSERT INTO public.auth_permission VALUES (56, 'Can view user validation', 14, 'view_uservalidation');
INSERT INTO public.auth_permission VALUES (57, 'Can add permission', 15, 'add_permission');
INSERT INTO public.auth_permission VALUES (58, 'Can change permission', 15, 'change_permission');
INSERT INTO public.auth_permission VALUES (59, 'Can delete permission', 15, 'delete_permission');
INSERT INTO public.auth_permission VALUES (60, 'Can view permission', 15, 'view_permission');
INSERT INTO public.auth_permission VALUES (61, 'Can add department permission', 16, 'add_departmentpermission');
INSERT INTO public.auth_permission VALUES (62, 'Can change department permission', 16, 'change_departmentpermission');
INSERT INTO public.auth_permission VALUES (63, 'Can delete department permission', 16, 'delete_departmentpermission');
INSERT INTO public.auth_permission VALUES (64, 'Can view department permission', 16, 'view_departmentpermission');
INSERT INTO public.auth_permission VALUES (65, 'Can add role permission', 17, 'add_rolepermission');
INSERT INTO public.auth_permission VALUES (66, 'Can change role permission', 17, 'change_rolepermission');
INSERT INTO public.auth_permission VALUES (67, 'Can delete role permission', 17, 'delete_rolepermission');
INSERT INTO public.auth_permission VALUES (68, 'Can view role permission', 17, 'view_rolepermission');
INSERT INTO public.auth_permission VALUES (69, 'Can add user permission override', 18, 'add_userpermissionoverride');
INSERT INTO public.auth_permission VALUES (70, 'Can change user permission override', 18, 'change_userpermissionoverride');
INSERT INTO public.auth_permission VALUES (71, 'Can delete user permission override', 18, 'delete_userpermissionoverride');
INSERT INTO public.auth_permission VALUES (72, 'Can view user permission override', 18, 'view_userpermissionoverride');
INSERT INTO public.auth_permission VALUES (73, 'Can add plan', 19, 'add_plan');
INSERT INTO public.auth_permission VALUES (74, 'Can change plan', 19, 'change_plan');
INSERT INTO public.auth_permission VALUES (75, 'Can delete plan', 19, 'delete_plan');
INSERT INTO public.auth_permission VALUES (76, 'Can view plan', 19, 'view_plan');
INSERT INTO public.auth_permission VALUES (77, 'Can add user subscription', 20, 'add_usersubscription');
INSERT INTO public.auth_permission VALUES (78, 'Can change user subscription', 20, 'change_usersubscription');
INSERT INTO public.auth_permission VALUES (79, 'Can delete user subscription', 20, 'delete_usersubscription');
INSERT INTO public.auth_permission VALUES (80, 'Can view user subscription', 20, 'view_usersubscription');
INSERT INTO public.auth_permission VALUES (81, 'Can add subscription plan', 21, 'add_subscriptionplan');
INSERT INTO public.auth_permission VALUES (82, 'Can change subscription plan', 21, 'change_subscriptionplan');
INSERT INTO public.auth_permission VALUES (83, 'Can delete subscription plan', 21, 'delete_subscriptionplan');
INSERT INTO public.auth_permission VALUES (84, 'Can view subscription plan', 21, 'view_subscriptionplan');
INSERT INTO public.auth_permission VALUES (85, 'Can add subscription feature matrix', 22, 'add_subscriptionfeaturematrix');
INSERT INTO public.auth_permission VALUES (86, 'Can change subscription feature matrix', 22, 'change_subscriptionfeaturematrix');
INSERT INTO public.auth_permission VALUES (87, 'Can delete subscription feature matrix', 22, 'delete_subscriptionfeaturematrix');
INSERT INTO public.auth_permission VALUES (88, 'Can view subscription feature matrix', 22, 'view_subscriptionfeaturematrix');


--
-- Data for Name: department; Type: TABLE DATA; Schema: public; Owner: postgres
--

INSERT INTO public.department VALUES (1, 'Executive / Leadership', true);
INSERT INTO public.department VALUES (2, 'Human Resources (HR)', true);
INSERT INTO public.department VALUES (3, 'Finance & Accounts', true);
INSERT INTO public.department VALUES (4, 'Administration / Office Management', true);
INSERT INTO public.department VALUES (5, 'Information Technology (IT)', true);
INSERT INTO public.department VALUES (6, 'Software / Product / Engineering', true);
INSERT INTO public.department VALUES (7, 'Operations', true);
INSERT INTO public.department VALUES (8, 'Sales', true);
INSERT INTO public.department VALUES (9, 'Marketing', true);
INSERT INTO public.department VALUES (10, 'Customer Support / Service', true);
INSERT INTO public.department VALUES (11, 'Procurement / Purchase', true);
INSERT INTO public.department VALUES (12, 'Legal & Compliance', true);
INSERT INTO public.department VALUES (13, 'Logistics & Supply Chain', true);
INSERT INTO public.department VALUES (14, 'Research & Development (R&D)', true);
INSERT INTO public.department VALUES (15, 'Quality Assurance / Quality Control', true);
INSERT INTO public.department VALUES (16, 'Production / Manufacturing', true);
INSERT INTO public.department VALUES (17, 'Security', true);
INSERT INTO public.department VALUES (18, 'Facilities & Maintenance', true);
INSERT INTO public.department VALUES (19, 'Training & Development', true);
INSERT INTO public.department VALUES (20, 'Design / Creative', true);
INSERT INTO public.department VALUES (21, 'Data & Analytics', true);
INSERT INTO public.department VALUES (22, 'Corporate Strategy & Planning', true);
INSERT INTO public.department VALUES (23, 'Public Relations & Communications', true);
INSERT INTO public.department VALUES (24, 'CSR (Corporate Social Responsibility', true);
INSERT INTO public.department VALUES (0, 'General', true);


--
-- Data for Name: department_permissions; Type: TABLE DATA; Schema: public; Owner: postgres
--

INSERT INTO public.department_permissions VALUES (1, 1, 1);
INSERT INTO public.department_permissions VALUES (2, 1, 10);
INSERT INTO public.department_permissions VALUES (3, 2, 1);
INSERT INTO public.department_permissions VALUES (4, 2, 2);
INSERT INTO public.department_permissions VALUES (5, 2, 3);
INSERT INTO public.department_permissions VALUES (6, 2, 4);
INSERT INTO public.department_permissions VALUES (7, 2, 5);
INSERT INTO public.department_permissions VALUES (8, 2, 6);
INSERT INTO public.department_permissions VALUES (9, 2, 11);
INSERT INTO public.department_permissions VALUES (10, 2, 7);
INSERT INTO public.department_permissions VALUES (11, 3, 1);
INSERT INTO public.department_permissions VALUES (12, 3, 7);
INSERT INTO public.department_permissions VALUES (13, 3, 10);
INSERT INTO public.department_permissions VALUES (14, 4, 1);
INSERT INTO public.department_permissions VALUES (15, 5, 1);
INSERT INTO public.department_permissions VALUES (16, 5, 8);
INSERT INTO public.department_permissions VALUES (17, 5, 9);
INSERT INTO public.department_permissions VALUES (18, 5, 3);
INSERT INTO public.department_permissions VALUES (19, 5, 7);
INSERT INTO public.department_permissions VALUES (20, 6, 1);
INSERT INTO public.department_permissions VALUES (21, 7, 1);
INSERT INTO public.department_permissions VALUES (22, 7, 10);
INSERT INTO public.department_permissions VALUES (23, 8, 1);
INSERT INTO public.department_permissions VALUES (24, 8, 7);
INSERT INTO public.department_permissions VALUES (25, 9, 1);
INSERT INTO public.department_permissions VALUES (26, 10, 1);
INSERT INTO public.department_permissions VALUES (27, 10, 3);
INSERT INTO public.department_permissions VALUES (28, 10, 11);
INSERT INTO public.department_permissions VALUES (29, 11, 1);
INSERT INTO public.department_permissions VALUES (30, 12, 10);
INSERT INTO public.department_permissions VALUES (31, 12, 1);
INSERT INTO public.department_permissions VALUES (32, 13, 1);
INSERT INTO public.department_permissions VALUES (33, 14, 1);
INSERT INTO public.department_permissions VALUES (34, 15, 1);
INSERT INTO public.department_permissions VALUES (35, 16, 1);
INSERT INTO public.department_permissions VALUES (36, 17, 1);
INSERT INTO public.department_permissions VALUES (37, 17, 11);
INSERT INTO public.department_permissions VALUES (38, 18, 1);
INSERT INTO public.department_permissions VALUES (39, 19, 1);
INSERT INTO public.department_permissions VALUES (40, 20, 1);
INSERT INTO public.department_permissions VALUES (41, 21, 1);
INSERT INTO public.department_permissions VALUES (42, 21, 10);
INSERT INTO public.department_permissions VALUES (43, 21, 7);
INSERT INTO public.department_permissions VALUES (44, 22, 10);
INSERT INTO public.department_permissions VALUES (45, 22, 1);
INSERT INTO public.department_permissions VALUES (46, 23, 1);
INSERT INTO public.department_permissions VALUES (47, 24, 1);
INSERT INTO public.department_permissions VALUES (48, 24, 10);


--
-- Data for Name: django_admin_log; Type: TABLE DATA; Schema: public; Owner: postgres
--



--
-- Data for Name: django_content_type; Type: TABLE DATA; Schema: public; Owner: postgres
--

INSERT INTO public.django_content_type VALUES (1, 'admin', 'logentry');
INSERT INTO public.django_content_type VALUES (2, 'auth', 'permission');
INSERT INTO public.django_content_type VALUES (3, 'auth', 'group');
INSERT INTO public.django_content_type VALUES (4, 'contenttypes', 'contenttype');
INSERT INTO public.django_content_type VALUES (5, 'sessions', 'session');
INSERT INTO public.django_content_type VALUES (6, 'accounts', 'user');
INSERT INTO public.django_content_type VALUES (7, 'addresses', 'address');
INSERT INTO public.django_content_type VALUES (8, 'password_reset', 'otpcode');
INSERT INTO public.django_content_type VALUES (9, 'viewprofile', 'userprofile');
INSERT INTO public.django_content_type VALUES (10, 'accounts', 'department');
INSERT INTO public.django_content_type VALUES (11, 'accounts', 'role');
INSERT INTO public.django_content_type VALUES (12, 'accounts', 'usererror');
INSERT INTO public.django_content_type VALUES (13, 'accounts', 'userinformation');
INSERT INTO public.django_content_type VALUES (14, 'accounts', 'uservalidation');
INSERT INTO public.django_content_type VALUES (15, 'accounts', 'permission');
INSERT INTO public.django_content_type VALUES (16, 'accounts', 'departmentpermission');
INSERT INTO public.django_content_type VALUES (17, 'accounts', 'rolepermission');
INSERT INTO public.django_content_type VALUES (18, 'accounts', 'userpermissionoverride');
INSERT INTO public.django_content_type VALUES (19, 'subscriptions', 'plan');
INSERT INTO public.django_content_type VALUES (20, 'subscriptions', 'usersubscription');
INSERT INTO public.django_content_type VALUES (21, 'subscriptions', 'subscriptionplan');
INSERT INTO public.django_content_type VALUES (22, 'subscriptions', 'subscriptionfeaturematrix');


--
-- Data for Name: django_migrations; Type: TABLE DATA; Schema: public; Owner: postgres
--

INSERT INTO public.django_migrations VALUES (1, 'contenttypes', '0001_initial', '2025-10-27 17:18:52.458176+05:30');
INSERT INTO public.django_migrations VALUES (2, 'contenttypes', '0002_remove_content_type_name', '2025-10-27 17:18:52.468569+05:30');
INSERT INTO public.django_migrations VALUES (3, 'auth', '0001_initial', '2025-10-27 17:18:52.533735+05:30');
INSERT INTO public.django_migrations VALUES (4, 'auth', '0002_alter_permission_name_max_length', '2025-10-27 17:18:52.540634+05:30');
INSERT INTO public.django_migrations VALUES (5, 'auth', '0003_alter_user_email_max_length', '2025-10-27 17:18:52.545344+05:30');
INSERT INTO public.django_migrations VALUES (6, 'auth', '0004_alter_user_username_opts', '2025-10-27 17:18:52.549271+05:30');
INSERT INTO public.django_migrations VALUES (7, 'auth', '0005_alter_user_last_login_null', '2025-10-27 17:18:52.556605+05:30');
INSERT INTO public.django_migrations VALUES (8, 'auth', '0006_require_contenttypes_0002', '2025-10-27 17:18:52.558263+05:30');
INSERT INTO public.django_migrations VALUES (9, 'auth', '0007_alter_validators_add_error_messages', '2025-10-27 17:18:52.571073+05:30');
INSERT INTO public.django_migrations VALUES (10, 'auth', '0008_alter_user_username_max_length', '2025-10-27 17:18:52.578262+05:30');
INSERT INTO public.django_migrations VALUES (11, 'auth', '0009_alter_user_last_name_max_length', '2025-10-27 17:18:52.584635+05:30');
INSERT INTO public.django_migrations VALUES (12, 'auth', '0010_alter_group_name_max_length', '2025-10-27 17:18:52.596624+05:30');
INSERT INTO public.django_migrations VALUES (13, 'auth', '0011_update_proxy_permissions', '2025-10-27 17:18:52.601327+05:30');
INSERT INTO public.django_migrations VALUES (14, 'auth', '0012_alter_user_first_name_max_length', '2025-10-27 17:18:52.607138+05:30');
INSERT INTO public.django_migrations VALUES (15, 'accounts', '0001_initial', '2025-10-27 17:18:52.677837+05:30');
INSERT INTO public.django_migrations VALUES (16, 'admin', '0001_initial', '2025-10-27 17:18:52.706284+05:30');
INSERT INTO public.django_migrations VALUES (17, 'admin', '0002_logentry_remove_auto_add', '2025-10-27 17:18:52.711462+05:30');
INSERT INTO public.django_migrations VALUES (18, 'admin', '0003_logentry_add_action_flag_choices', '2025-10-27 17:18:52.716238+05:30');
INSERT INTO public.django_migrations VALUES (19, 'sessions', '0001_initial', '2025-10-27 17:18:52.733288+05:30');
INSERT INTO public.django_migrations VALUES (20, 'accounts', '0002_remove_user_bio_user_phone', '2025-10-28 18:53:53.8424+05:30');
INSERT INTO public.django_migrations VALUES (21, 'addresses', '0001_initial', '2025-10-30 12:11:19.035366+05:30');
INSERT INTO public.django_migrations VALUES (22, 'password_reset', '0001_initial', '2025-10-31 18:11:36.248153+05:30');
INSERT INTO public.django_migrations VALUES (23, 'addresses', '0002_alter_address_country', '2025-10-31 20:08:40.279885+05:30');
INSERT INTO public.django_migrations VALUES (24, 'viewprofile', '0001_initial', '2025-10-31 20:08:40.352785+05:30');
INSERT INTO public.django_migrations VALUES (25, 'addresses', '0003_address_area_address_district_address_house_flat_and_more', '2025-11-01 15:00:21.939527+05:30');
INSERT INTO public.django_migrations VALUES (26, 'accounts', '0003_user_role', '2025-11-03 11:32:00.251888+05:30');
INSERT INTO public.django_migrations VALUES (27, 'viewprofile', '0002_userprofile_user', '2025-11-05 23:45:58.473023+05:30');
INSERT INTO public.django_migrations VALUES (28, 'accounts', '0004_department_role_alter_user_role', '2025-11-06 18:52:24.989045+05:30');
INSERT INTO public.django_migrations VALUES (29, 'accounts', '0004_auto_20251107_0806', '2025-11-07 08:08:52.275365+05:30');
INSERT INTO public.django_migrations VALUES (30, 'accounts', '0005_department_role', '2025-11-07 10:48:02.760814+05:30');
INSERT INTO public.django_migrations VALUES (31, 'accounts', '0006_user_department_alter_department_department_name_and_more', '2025-11-07 11:07:35.394676+05:30');
INSERT INTO public.django_migrations VALUES (32, 'accounts', '0007_department_is_active_role_is_active', '2025-11-07 12:45:42.01456+05:30');
INSERT INTO public.django_migrations VALUES (33, 'accounts', '0008_alter_user_department_alter_user_role', '2025-11-10 12:08:23.140749+05:30');
INSERT INTO public.django_migrations VALUES (34, 'accounts', '0009_usererror_userinformation_uservalidation', '2025-11-11 23:10:43.981474+05:30');
INSERT INTO public.django_migrations VALUES (35, 'accounts', '0010_alter_department_department_name_and_more', '2025-11-12 13:38:53.83873+05:30');
INSERT INTO public.django_migrations VALUES (36, 'accounts', '0011_alter_usererror_table_alter_userinformation_table_and_more', '2025-11-12 20:41:07.263201+05:30');
INSERT INTO public.django_migrations VALUES (37, 'accounts', '0012_permission_departmentpermission_rolepermission_and_more', '2025-11-24 17:46:36.185658+05:30');
INSERT INTO public.django_migrations VALUES (38, 'accounts', '0013_remove_permission_created_at_and_more', '2025-11-25 19:20:49.328555+05:30');
INSERT INTO public.django_migrations VALUES (45, 'subscriptions', '0001_initial', '2025-12-09 15:35:03.615259+05:30');
INSERT INTO public.django_migrations VALUES (46, 'subscriptions', '0002_subscriptionfeaturematrix', '2025-12-09 16:21:35.143357+05:30');


--
-- Data for Name: django_session; Type: TABLE DATA; Schema: public; Owner: postgres
--

INSERT INTO public.django_session VALUES ('3b0pyv74b26kkdhb10ddlvtzznmpfmh5', '.eJxVjDsOwjAQBe_iGlnB0fpDSc8ZrF3vGgeQLcVJFXF3iJQC2jczb1MR16XEtcscJ1YXBer0uxGmp9Qd8APrvenU6jJPpHdFH7TrW2N5XQ_376BgL99aXBjYgclOgNAEkTOOEkYP3koidB6NNQIJiB07ApYBU87WGsxiUb0_APg5OA:1vDPvD:euB45PfeQp4Uo2aopba9mK3u4q9b4rdps_Ls-8ku3iU', '2025-11-10 21:48:15.151953+05:30');
INSERT INTO public.django_session VALUES ('s2jnr135i0l61qa7ocpkoe3wd7zob7kg', '.eJxVjDsOwjAQBe_iGlnB0fpDSc8ZrF3vGgeQLcVJFXF3iJQC2jczb1MR16XEtcscJ1YXBer0uxGmp9Qd8APrvenU6jJPpHdFH7TrW2N5XQ_376BgL99aXBjYgclOgNAEkTOOEkYP3koidB6NNQIJiB07ApYBU87WGsxiUb0_APg5OA:1vDyds:b7T-JS905tW5MxU38Rmkjt5X6C2iGsxUHDOo-a5V4GQ', '2025-11-12 10:52:40.120045+05:30');
INSERT INTO public.django_session VALUES ('s2da4nrbq49cs813d7knqyjpqftn3bhh', '.eJxVjEEOwiAQRe_C2hBwGCwu3XuGZoYBqRpISrsy3l2bdKHb_977LzXSupRx7WkeJ1FnherwuzHFR6obkDvVW9Ox1WWeWG-K3mnX1ybpedndv4NCvXxrzpatEYOB0Zwye0iJohCG4MWShGMGiIYRBgIzkEPnPIszCIkCRPX-APn3OB8:1vJ63b:Kojbq7Nnv8mwSErFFyOmWJDAogcRIAFMisJ9vn0QTLk', '2025-11-26 13:48:23.592259+05:30');


--
-- Data for Name: password_reset_otpcode; Type: TABLE DATA; Schema: public; Owner: postgres
--

INSERT INTO public.password_reset_otpcode VALUES (5, 'yash001iot@gmail.com', '036102', '2025-10-31 18:50:28.679128+05:30');
INSERT INTO public.password_reset_otpcode VALUES (6, 'yaswanths1th001@gmail.com', '471704', '2025-10-31 18:51:44.63856+05:30');
INSERT INTO public.password_reset_otpcode VALUES (7, 'yaswanth1th9999@gmail.com', '369715', '2025-10-31 18:52:11.481953+05:30');
INSERT INTO public.password_reset_otpcode VALUES (9, 'yaswanths1th001@gmail.com', '467690', '2025-10-31 18:59:17.757986+05:30');
INSERT INTO public.password_reset_otpcode VALUES (29, 'mahi@gmail.com', '184382', '2025-11-12 22:31:17.818618+05:30');
INSERT INTO public.password_reset_otpcode VALUES (30, 'mahi@gmail.com', '985133', '2025-11-12 22:31:20.271656+05:30');
INSERT INTO public.password_reset_otpcode VALUES (31, 'yaswanths1th9999@gmail.com', '563995', '2025-11-12 22:32:14.864283+05:30');
INSERT INTO public.password_reset_otpcode VALUES (32, 'yaswanths1th9999@gmail.com', '854548', '2025-11-12 22:33:26.751113+05:30');
INSERT INTO public.password_reset_otpcode VALUES (33, 'yaswanths1th9999@gmail.com', '346916', '2025-11-12 22:35:32.918858+05:30');
INSERT INTO public.password_reset_otpcode VALUES (34, 'yaswanths1th9999@gmail.com', '778064', '2025-11-12 22:38:32.519947+05:30');
INSERT INTO public.password_reset_otpcode VALUES (35, 'yaswanths1th9999@gmail.com', '777635', '2025-11-12 22:42:43.447377+05:30');
INSERT INTO public.password_reset_otpcode VALUES (36, 'yaswanths1th9999@gmail.com', '283661', '2025-11-12 22:47:08.550867+05:30');
INSERT INTO public.password_reset_otpcode VALUES (37, 'yaswanths1th9999@gmail.com', '662173', '2025-11-12 22:50:08.685835+05:30');
INSERT INTO public.password_reset_otpcode VALUES (38, 'yaswanths1th9999@gmail.com', '740741', '2025-11-12 23:00:10.416333+05:30');
INSERT INTO public.password_reset_otpcode VALUES (40, 'yaswanths1th9999@gmail.com', '944237', '2025-11-13 12:28:13.291585+05:30');
INSERT INTO public.password_reset_otpcode VALUES (41, 'mahi@gmail.com', '716587', '2025-11-13 12:28:56.68341+05:30');
INSERT INTO public.password_reset_otpcode VALUES (43, 'harry9014352@gmail.com', '716715', '2025-11-13 15:21:50.864211+05:30');
INSERT INTO public.password_reset_otpcode VALUES (44, 'harry9014352@gmail.com', '151724', '2025-11-13 15:24:44.504786+05:30');
INSERT INTO public.password_reset_otpcode VALUES (45, 'harry9014352@gmail.com', '596730', '2025-11-13 15:28:45.824404+05:30');
INSERT INTO public.password_reset_otpcode VALUES (47, 'harry9014352@gmail.com', '753009', '2025-11-13 15:52:21.612715+05:30');
INSERT INTO public.password_reset_otpcode VALUES (50, 'harry9014352@gmail.com', '817405', '2025-11-25 19:06:52.396345+05:30');
INSERT INTO public.password_reset_otpcode VALUES (51, 'yaswanths1th9999@gmail.com', '296217', '2025-12-03 17:08:21.853883+05:30');
INSERT INTO public.password_reset_otpcode VALUES (52, 'yaswanths1th001@gmail.com', '069633', '2025-12-07 11:19:59.01646+05:30');
INSERT INTO public.password_reset_otpcode VALUES (53, 'eswaryerra530@gmail.com', '231412', '2025-12-07 11:25:03.338478+05:30');
INSERT INTO public.password_reset_otpcode VALUES (54, 'eswaryerra530@gmail.com', '075796', '2025-12-07 11:42:16.018748+05:30');
INSERT INTO public.password_reset_otpcode VALUES (55, 'eswaryerra530@gmail.com', '848506', '2025-12-07 11:43:44.717494+05:30');
INSERT INTO public.password_reset_otpcode VALUES (56, 'eswaryerra530@gmail.com', '707946', '2025-12-07 11:44:48.703548+05:30');
INSERT INTO public.password_reset_otpcode VALUES (57, 'eswaryerra530@gmail.com', '015173', '2025-12-07 11:44:51.164175+05:30');
INSERT INTO public.password_reset_otpcode VALUES (58, 'eswaryerra530@gmail.com', '328906', '2025-12-07 11:45:48.895724+05:30');
INSERT INTO public.password_reset_otpcode VALUES (59, 'eswaryerra530@gmail.com', '368064', '2025-12-07 11:59:12.813491+05:30');
INSERT INTO public.password_reset_otpcode VALUES (60, 'eswaryerra530@gmail.com', '756197', '2025-12-07 12:23:29.064094+05:30');
INSERT INTO public.password_reset_otpcode VALUES (61, 'eswaryerra530@gmail.com', '941169', '2025-12-07 12:35:18.069017+05:30');
INSERT INTO public.password_reset_otpcode VALUES (62, 'eswaryerra530@gmail.com', '545144', '2025-12-07 12:49:54.576206+05:30');
INSERT INTO public.password_reset_otpcode VALUES (63, 'eswaryerra530@gmail.com', '153399', '2025-12-07 13:03:58.886951+05:30');
INSERT INTO public.password_reset_otpcode VALUES (64, 'eswaryerra530@gmail.com', '859921', '2025-12-07 13:07:53.420222+05:30');
INSERT INTO public.password_reset_otpcode VALUES (65, 'eswaryerra530@gmail.com', '345409', '2025-12-07 13:08:13.132483+05:30');
INSERT INTO public.password_reset_otpcode VALUES (66, 'eswaryerra530@gmail.com', '517664', '2025-12-07 13:08:30.559592+05:30');
INSERT INTO public.password_reset_otpcode VALUES (67, 'eswaryerra530@gmail.com', '161159', '2025-12-07 13:08:48.834927+05:30');
INSERT INTO public.password_reset_otpcode VALUES (68, 'eswaryerra530@gmail.com', '157613', '2025-12-07 13:09:08.235991+05:30');
INSERT INTO public.password_reset_otpcode VALUES (69, 'eswaryerra530@gmail.com', '415600', '2025-12-07 13:10:04.000238+05:30');
INSERT INTO public.password_reset_otpcode VALUES (70, 'eswaryerra530@gmail.com', '448106', '2025-12-07 13:16:43.130964+05:30');
INSERT INTO public.password_reset_otpcode VALUES (71, 'eswaryerra530@gmail.com', '054569', '2025-12-07 13:17:00.027604+05:30');
INSERT INTO public.password_reset_otpcode VALUES (72, 'eswaryerra530@gmail.com', '368355', '2025-12-07 13:17:16.883466+05:30');
INSERT INTO public.password_reset_otpcode VALUES (73, 'eswaryerra530@gmail.com', '993407', '2025-12-07 13:17:35.938653+05:30');
INSERT INTO public.password_reset_otpcode VALUES (74, 'eswaryerra530@gmail.com', '193640', '2025-12-07 13:17:54.383155+05:30');
INSERT INTO public.password_reset_otpcode VALUES (75, 'eswaryerra530@gmail.com', '749129', '2025-12-07 13:18:49.656868+05:30');
INSERT INTO public.password_reset_otpcode VALUES (76, 'eswaryerra530@gmail.com', '935806', '2025-12-07 14:55:45.212472+05:30');
INSERT INTO public.password_reset_otpcode VALUES (77, 'eswaryerra530@gmail.com', '355708', '2025-12-07 14:56:02.130853+05:30');
INSERT INTO public.password_reset_otpcode VALUES (78, 'eswaryerra530@gmail.com', '720667', '2025-12-07 14:56:18.404703+05:30');
INSERT INTO public.password_reset_otpcode VALUES (79, 'eswaryerra530@gmail.com', '442412', '2025-12-07 14:56:35.963566+05:30');
INSERT INTO public.password_reset_otpcode VALUES (80, 'eswaryerra530@gmail.com', '740033', '2025-12-07 14:57:15.611849+05:30');
INSERT INTO public.password_reset_otpcode VALUES (81, 'eswaryerra530@gmail.com', '744973', '2025-12-07 15:07:10.904578+05:30');
INSERT INTO public.password_reset_otpcode VALUES (82, 'eswaryerra530@gmail.com', '090011', '2025-12-07 15:07:27.63919+05:30');
INSERT INTO public.password_reset_otpcode VALUES (83, 'eswaryerra530@gmail.com', '019320', '2025-12-07 15:07:44.959378+05:30');
INSERT INTO public.password_reset_otpcode VALUES (84, 'eswaryerra530@gmail.com', '799884', '2025-12-07 15:08:02.405202+05:30');
INSERT INTO public.password_reset_otpcode VALUES (85, 'eswaryerra530@gmail.com', '395370', '2025-12-07 15:08:39.614944+05:30');
INSERT INTO public.password_reset_otpcode VALUES (86, 'eswaryerra530@gmail.com', '741055', '2025-12-07 15:13:13.895499+05:30');
INSERT INTO public.password_reset_otpcode VALUES (87, 'eswaryerra530@gmail.com', '788681', '2025-12-07 15:15:49.954416+05:30');
INSERT INTO public.password_reset_otpcode VALUES (88, 'eswaryerra530@gmail.com', '827805', '2025-12-07 15:16:06.34771+05:30');
INSERT INTO public.password_reset_otpcode VALUES (89, 'eswaryerra530@gmail.com', '986731', '2025-12-07 15:16:24.309905+05:30');
INSERT INTO public.password_reset_otpcode VALUES (90, 'eswaryerra530@gmail.com', '821093', '2025-12-07 15:16:43.211523+05:30');
INSERT INTO public.password_reset_otpcode VALUES (91, 'eswaryerra530@gmail.com', '758667', '2025-12-07 15:17:22.427604+05:30');
INSERT INTO public.password_reset_otpcode VALUES (92, 'eswaryerra530@gmail.com', '427516', '2025-12-07 15:44:05.170392+05:30');
INSERT INTO public.password_reset_otpcode VALUES (93, 'eswaryerra530@gmail.com', '587749', '2025-12-07 15:44:22.413314+05:30');
INSERT INTO public.password_reset_otpcode VALUES (94, 'eswaryerra530@gmail.com', '049886', '2025-12-07 15:44:42.992725+05:30');
INSERT INTO public.password_reset_otpcode VALUES (95, 'eswaryerra530@gmail.com', '813435', '2025-12-07 15:45:02.671085+05:30');
INSERT INTO public.password_reset_otpcode VALUES (96, 'eswaryerra530@gmail.com', '873868', '2025-12-07 15:45:48.0022+05:30');
INSERT INTO public.password_reset_otpcode VALUES (97, 'eswaryerra530@gmail.com', '160739', '2025-12-07 15:51:22.518096+05:30');
INSERT INTO public.password_reset_otpcode VALUES (98, 'eswaryerra530@gmail.com', '219901', '2025-12-07 15:51:38.347709+05:30');
INSERT INTO public.password_reset_otpcode VALUES (99, 'eswaryerra530@gmail.com', '910076', '2025-12-07 15:51:55.309358+05:30');
INSERT INTO public.password_reset_otpcode VALUES (100, 'eswaryerra530@gmail.com', '123862', '2025-12-07 15:52:14.118458+05:30');
INSERT INTO public.password_reset_otpcode VALUES (101, 'eswaryerra530@gmail.com', '430920', '2025-12-07 15:52:55.508152+05:30');
INSERT INTO public.password_reset_otpcode VALUES (102, 'eswaryerra530@gmail.com', '828061', '2025-12-07 16:43:47.066516+05:30');
INSERT INTO public.password_reset_otpcode VALUES (103, 'eswaryerra530@gmail.com', '222046', '2025-12-07 16:44:10.255009+05:30');
INSERT INTO public.password_reset_otpcode VALUES (104, 'eswaryerra530@gmail.com', '815376', '2025-12-07 16:44:28.432428+05:30');
INSERT INTO public.password_reset_otpcode VALUES (105, 'eswaryerra530@gmail.com', '062032', '2025-12-07 16:44:47.038657+05:30');
INSERT INTO public.password_reset_otpcode VALUES (106, 'eswaryerra530@gmail.com', '637146', '2025-12-07 16:45:30.479531+05:30');
INSERT INTO public.password_reset_otpcode VALUES (107, 'eswaryerra530@gmail.com', '315691', '2025-12-07 17:32:53.178301+05:30');
INSERT INTO public.password_reset_otpcode VALUES (108, 'eswaryerra530@gmail.com', '073151', '2025-12-07 17:33:24.098706+05:30');
INSERT INTO public.password_reset_otpcode VALUES (109, 'eswaryerra530@gmail.com', '439826', '2025-12-07 17:33:54.6087+05:30');
INSERT INTO public.password_reset_otpcode VALUES (110, 'eswaryerra530@gmail.com', '140477', '2025-12-07 17:34:23.863733+05:30');
INSERT INTO public.password_reset_otpcode VALUES (111, 'eswaryerra530@gmail.com', '933993', '2025-12-07 17:35:41.696122+05:30');
INSERT INTO public.password_reset_otpcode VALUES (112, 'eswaryerra530@gmail.com', '276999', '2025-12-07 18:04:59.475443+05:30');
INSERT INTO public.password_reset_otpcode VALUES (113, 'eswaryerra530@gmail.com', '087436', '2025-12-07 18:05:29.451504+05:30');
INSERT INTO public.password_reset_otpcode VALUES (114, 'eswaryerra530@gmail.com', '524989', '2025-12-07 18:05:56.450617+05:30');
INSERT INTO public.password_reset_otpcode VALUES (115, 'eswaryerra530@gmail.com', '304408', '2025-12-07 18:06:26.637654+05:30');
INSERT INTO public.password_reset_otpcode VALUES (116, 'eswaryerra530@gmail.com', '600040', '2025-12-07 18:07:45.897624+05:30');
INSERT INTO public.password_reset_otpcode VALUES (117, 'eswaryerra530@gmail.com', '836345', '2025-12-07 18:31:17.285577+05:30');
INSERT INTO public.password_reset_otpcode VALUES (118, 'eswaryerra530@gmail.com', '946694', '2025-12-07 18:31:32.778945+05:30');
INSERT INTO public.password_reset_otpcode VALUES (119, 'eswaryerra530@gmail.com', '505947', '2025-12-07 18:31:46.898737+05:30');
INSERT INTO public.password_reset_otpcode VALUES (120, 'eswaryerra530@gmail.com', '511381', '2025-12-07 18:32:05.377088+05:30');
INSERT INTO public.password_reset_otpcode VALUES (121, 'eswaryerra530@gmail.com', '153124', '2025-12-07 18:32:36.279215+05:30');
INSERT INTO public.password_reset_otpcode VALUES (122, 'eswaryerra530@gmail.com', '608384', '2025-12-08 15:57:54.442208+05:30');
INSERT INTO public.password_reset_otpcode VALUES (123, 'eswaryerra530@gmail.com', '985724', '2025-12-08 16:00:11.425173+05:30');
INSERT INTO public.password_reset_otpcode VALUES (124, 'eswaryerra530@gmail.com', '535571', '2025-12-08 16:22:43.850309+05:30');
INSERT INTO public.password_reset_otpcode VALUES (125, 'eswaryerra530@gmail.com', '124244', '2025-12-08 16:28:28.64757+05:30');
INSERT INTO public.password_reset_otpcode VALUES (126, 'eswaryerra530@gmail.com', '175075', '2025-12-08 16:30:00.11856+05:30');
INSERT INTO public.password_reset_otpcode VALUES (127, 'eswaryerra530@gmail.com', '102943', '2025-12-08 17:04:46.779756+05:30');
INSERT INTO public.password_reset_otpcode VALUES (128, 'eswaryerra530@gmail.com', '714698', '2025-12-08 20:08:27.136288+05:30');
INSERT INTO public.password_reset_otpcode VALUES (129, 'eswaryerra530@gmail.com', '906535', '2025-12-09 11:41:18.8983+05:30');


--
-- Data for Name: permissions; Type: TABLE DATA; Schema: public; Owner: postgres
--

INSERT INTO public.permissions VALUES (1, 'view_user', 'View users', 'Can view user list and profiles', NULL, false, NULL, NULL);
INSERT INTO public.permissions VALUES (2, 'add_user', 'Add user', 'Can create new users', NULL, false, NULL, NULL);
INSERT INTO public.permissions VALUES (3, 'edit_user', 'Edit user', 'Can modify existing users', NULL, false, NULL, NULL);
INSERT INTO public.permissions VALUES (4, 'delete_user', 'Delete user', 'Can remove users', NULL, false, NULL, NULL);
INSERT INTO public.permissions VALUES (5, 'change_role', 'Change role', 'Can modify the role of a user', NULL, false, NULL, NULL);
INSERT INTO public.permissions VALUES (6, 'change_department', 'Change department', 'Can modify department of a user', NULL, false, NULL, NULL);
INSERT INTO public.permissions VALUES (8, 'manage_roles', 'Manage roles', 'Add/edit/delete roles', NULL, false, NULL, NULL);
INSERT INTO public.permissions VALUES (9, 'manage_departments', 'Manage departments', 'Add/edit/delete departments', NULL, false, NULL, NULL);
INSERT INTO public.permissions VALUES (10, 'view_reports', 'View reports', 'Access reports module', NULL, false, NULL, NULL);
INSERT INTO public.permissions VALUES (11, 'hold_user', 'Hold user', 'Mark user inactive/hold', NULL, false, NULL, NULL);
INSERT INTO public.permissions VALUES (13, 'view_manage_user', 'view manage users', 'to view users module', NULL, false, NULL, NULL);
INSERT INTO public.permissions VALUES (14, 'view_settings', 'view settings', 'to view settings module', NULL, false, NULL, NULL);
INSERT INTO public.permissions VALUES (7, 'export_users', 'Export users', 'Can export user data', NULL, false, NULL, NULL);
INSERT INTO public.permissions VALUES (15, 'add_any_dept_role', 'add any department and user', 'add any depart mwnt', NULL, false, NULL, NULL);


--
-- Data for Name: role_permissions; Type: TABLE DATA; Schema: public; Owner: postgres
--

INSERT INTO public.role_permissions VALUES (4, 2, 10, true);
INSERT INTO public.role_permissions VALUES (5, 3, 1, true);
INSERT INTO public.role_permissions VALUES (6, 3, 2, true);
INSERT INTO public.role_permissions VALUES (7, 3, 3, true);
INSERT INTO public.role_permissions VALUES (8, 3, 4, true);
INSERT INTO public.role_permissions VALUES (9, 3, 5, true);
INSERT INTO public.role_permissions VALUES (10, 3, 6, true);
INSERT INTO public.role_permissions VALUES (11, 3, 7, true);
INSERT INTO public.role_permissions VALUES (12, 3, 11, true);
INSERT INTO public.role_permissions VALUES (13, 4, 1, true);
INSERT INTO public.role_permissions VALUES (14, 4, 2, true);
INSERT INTO public.role_permissions VALUES (15, 4, 3, true);
INSERT INTO public.role_permissions VALUES (16, 4, 4, true);
INSERT INTO public.role_permissions VALUES (17, 4, 5, true);
INSERT INTO public.role_permissions VALUES (18, 4, 6, true);
INSERT INTO public.role_permissions VALUES (19, 4, 7, true);
INSERT INTO public.role_permissions VALUES (20, 4, 11, true);
INSERT INTO public.role_permissions VALUES (21, 5, 1, true);
INSERT INTO public.role_permissions VALUES (22, 5, 2, true);
INSERT INTO public.role_permissions VALUES (23, 5, 3, true);
INSERT INTO public.role_permissions VALUES (24, 5, 4, true);
INSERT INTO public.role_permissions VALUES (25, 5, 5, true);
INSERT INTO public.role_permissions VALUES (26, 5, 6, true);
INSERT INTO public.role_permissions VALUES (27, 5, 7, true);
INSERT INTO public.role_permissions VALUES (28, 5, 11, true);
INSERT INTO public.role_permissions VALUES (29, 6, 1, true);
INSERT INTO public.role_permissions VALUES (30, 6, 2, true);
INSERT INTO public.role_permissions VALUES (31, 6, 3, true);
INSERT INTO public.role_permissions VALUES (32, 6, 4, true);
INSERT INTO public.role_permissions VALUES (33, 6, 5, true);
INSERT INTO public.role_permissions VALUES (34, 6, 6, true);
INSERT INTO public.role_permissions VALUES (35, 6, 7, true);
INSERT INTO public.role_permissions VALUES (36, 6, 11, true);
INSERT INTO public.role_permissions VALUES (37, 7, 1, true);
INSERT INTO public.role_permissions VALUES (38, 7, 2, true);
INSERT INTO public.role_permissions VALUES (39, 7, 3, true);
INSERT INTO public.role_permissions VALUES (40, 7, 4, true);
INSERT INTO public.role_permissions VALUES (41, 7, 5, true);
INSERT INTO public.role_permissions VALUES (42, 7, 6, true);
INSERT INTO public.role_permissions VALUES (43, 7, 7, true);
INSERT INTO public.role_permissions VALUES (44, 7, 11, true);
INSERT INTO public.role_permissions VALUES (48, 9, 1, true);
INSERT INTO public.role_permissions VALUES (49, 9, 7, true);
INSERT INTO public.role_permissions VALUES (50, 9, 10, true);
INSERT INTO public.role_permissions VALUES (51, 10, 1, true);
INSERT INTO public.role_permissions VALUES (52, 10, 7, true);
INSERT INTO public.role_permissions VALUES (53, 10, 10, true);
INSERT INTO public.role_permissions VALUES (54, 11, 1, true);
INSERT INTO public.role_permissions VALUES (56, 11, 10, true);
INSERT INTO public.role_permissions VALUES (57, 12, 1, true);
INSERT INTO public.role_permissions VALUES (58, 12, 7, true);
INSERT INTO public.role_permissions VALUES (59, 12, 10, true);
INSERT INTO public.role_permissions VALUES (60, 13, 1, true);
INSERT INTO public.role_permissions VALUES (61, 14, 1, true);
INSERT INTO public.role_permissions VALUES (62, 15, 1, true);
INSERT INTO public.role_permissions VALUES (63, 16, 1, true);
INSERT INTO public.role_permissions VALUES (64, 17, 1, true);
INSERT INTO public.role_permissions VALUES (65, 18, 1, true);
INSERT INTO public.role_permissions VALUES (66, 18, 3, true);
INSERT INTO public.role_permissions VALUES (67, 18, 7, true);
INSERT INTO public.role_permissions VALUES (68, 18, 8, true);
INSERT INTO public.role_permissions VALUES (69, 18, 9, true);
INSERT INTO public.role_permissions VALUES (70, 19, 1, true);
INSERT INTO public.role_permissions VALUES (71, 19, 3, true);
INSERT INTO public.role_permissions VALUES (72, 19, 7, true);
INSERT INTO public.role_permissions VALUES (73, 19, 8, true);
INSERT INTO public.role_permissions VALUES (74, 19, 9, true);
INSERT INTO public.role_permissions VALUES (75, 20, 1, true);
INSERT INTO public.role_permissions VALUES (76, 20, 3, true);
INSERT INTO public.role_permissions VALUES (77, 20, 7, true);
INSERT INTO public.role_permissions VALUES (78, 20, 8, true);
INSERT INTO public.role_permissions VALUES (79, 20, 9, true);
INSERT INTO public.role_permissions VALUES (80, 21, 1, true);
INSERT INTO public.role_permissions VALUES (81, 21, 3, true);
INSERT INTO public.role_permissions VALUES (82, 21, 7, true);
INSERT INTO public.role_permissions VALUES (83, 21, 8, true);
INSERT INTO public.role_permissions VALUES (84, 21, 9, true);
INSERT INTO public.role_permissions VALUES (85, 22, 1, true);
INSERT INTO public.role_permissions VALUES (86, 22, 3, true);
INSERT INTO public.role_permissions VALUES (87, 22, 7, true);
INSERT INTO public.role_permissions VALUES (88, 22, 8, true);
INSERT INTO public.role_permissions VALUES (89, 22, 9, true);
INSERT INTO public.role_permissions VALUES (90, 23, 1, true);
INSERT INTO public.role_permissions VALUES (91, 24, 1, true);
INSERT INTO public.role_permissions VALUES (92, 25, 1, true);
INSERT INTO public.role_permissions VALUES (93, 26, 1, true);
INSERT INTO public.role_permissions VALUES (94, 27, 1, true);
INSERT INTO public.role_permissions VALUES (95, 28, 1, true);
INSERT INTO public.role_permissions VALUES (96, 29, 1, true);
INSERT INTO public.role_permissions VALUES (97, 29, 10, true);
INSERT INTO public.role_permissions VALUES (98, 30, 1, true);
INSERT INTO public.role_permissions VALUES (99, 30, 10, true);
INSERT INTO public.role_permissions VALUES (100, 31, 1, true);
INSERT INTO public.role_permissions VALUES (101, 31, 10, true);
INSERT INTO public.role_permissions VALUES (102, 32, 1, true);
INSERT INTO public.role_permissions VALUES (103, 32, 10, true);
INSERT INTO public.role_permissions VALUES (104, 33, 1, true);
INSERT INTO public.role_permissions VALUES (105, 33, 10, true);
INSERT INTO public.role_permissions VALUES (106, 34, 1, true);
INSERT INTO public.role_permissions VALUES (107, 34, 7, true);
INSERT INTO public.role_permissions VALUES (108, 35, 1, true);
INSERT INTO public.role_permissions VALUES (109, 35, 7, true);
INSERT INTO public.role_permissions VALUES (110, 36, 1, true);
INSERT INTO public.role_permissions VALUES (111, 36, 7, true);
INSERT INTO public.role_permissions VALUES (112, 37, 1, true);
INSERT INTO public.role_permissions VALUES (113, 37, 7, true);
INSERT INTO public.role_permissions VALUES (114, 38, 1, true);
INSERT INTO public.role_permissions VALUES (115, 38, 7, true);
INSERT INTO public.role_permissions VALUES (116, 39, 1, true);
INSERT INTO public.role_permissions VALUES (117, 40, 1, true);
INSERT INTO public.role_permissions VALUES (118, 41, 1, true);
INSERT INTO public.role_permissions VALUES (119, 42, 1, true);
INSERT INTO public.role_permissions VALUES (120, 43, 1, true);
INSERT INTO public.role_permissions VALUES (121, 44, 1, true);
INSERT INTO public.role_permissions VALUES (122, 44, 3, true);
INSERT INTO public.role_permissions VALUES (123, 44, 11, true);
INSERT INTO public.role_permissions VALUES (124, 45, 1, true);
INSERT INTO public.role_permissions VALUES (125, 45, 3, true);
INSERT INTO public.role_permissions VALUES (126, 45, 11, true);
INSERT INTO public.role_permissions VALUES (127, 46, 1, true);
INSERT INTO public.role_permissions VALUES (128, 46, 3, true);
INSERT INTO public.role_permissions VALUES (129, 46, 11, true);
INSERT INTO public.role_permissions VALUES (130, 47, 1, true);
INSERT INTO public.role_permissions VALUES (131, 47, 3, true);
INSERT INTO public.role_permissions VALUES (132, 47, 11, true);
INSERT INTO public.role_permissions VALUES (133, 48, 1, true);
INSERT INTO public.role_permissions VALUES (134, 48, 3, true);
INSERT INTO public.role_permissions VALUES (135, 48, 11, true);
INSERT INTO public.role_permissions VALUES (136, 49, 1, true);
INSERT INTO public.role_permissions VALUES (137, 50, 1, true);
INSERT INTO public.role_permissions VALUES (138, 51, 1, true);
INSERT INTO public.role_permissions VALUES (139, 52, 1, true);
INSERT INTO public.role_permissions VALUES (140, 53, 1, true);
INSERT INTO public.role_permissions VALUES (141, 53, 10, true);
INSERT INTO public.role_permissions VALUES (142, 54, 1, true);
INSERT INTO public.role_permissions VALUES (143, 54, 10, true);
INSERT INTO public.role_permissions VALUES (144, 55, 1, true);
INSERT INTO public.role_permissions VALUES (145, 55, 10, true);
INSERT INTO public.role_permissions VALUES (146, 56, 1, true);
INSERT INTO public.role_permissions VALUES (147, 56, 10, true);
INSERT INTO public.role_permissions VALUES (148, 57, 1, true);
INSERT INTO public.role_permissions VALUES (149, 58, 1, true);
INSERT INTO public.role_permissions VALUES (150, 59, 1, true);
INSERT INTO public.role_permissions VALUES (151, 60, 1, true);
INSERT INTO public.role_permissions VALUES (152, 61, 1, true);
INSERT INTO public.role_permissions VALUES (153, 62, 1, true);
INSERT INTO public.role_permissions VALUES (154, 63, 1, true);
INSERT INTO public.role_permissions VALUES (155, 64, 1, true);
INSERT INTO public.role_permissions VALUES (156, 65, 1, true);
INSERT INTO public.role_permissions VALUES (157, 66, 1, true);
INSERT INTO public.role_permissions VALUES (158, 67, 1, true);
INSERT INTO public.role_permissions VALUES (159, 68, 1, true);
INSERT INTO public.role_permissions VALUES (160, 69, 1, true);
INSERT INTO public.role_permissions VALUES (161, 70, 1, true);
INSERT INTO public.role_permissions VALUES (162, 71, 1, true);
INSERT INTO public.role_permissions VALUES (163, 71, 11, true);
INSERT INTO public.role_permissions VALUES (164, 72, 1, true);
INSERT INTO public.role_permissions VALUES (165, 72, 11, true);
INSERT INTO public.role_permissions VALUES (166, 73, 1, true);
INSERT INTO public.role_permissions VALUES (167, 73, 11, true);
INSERT INTO public.role_permissions VALUES (168, 74, 1, true);
INSERT INTO public.role_permissions VALUES (169, 75, 1, true);
INSERT INTO public.role_permissions VALUES (170, 76, 1, true);
INSERT INTO public.role_permissions VALUES (171, 77, 1, true);
INSERT INTO public.role_permissions VALUES (172, 78, 1, true);
INSERT INTO public.role_permissions VALUES (173, 79, 1, true);
INSERT INTO public.role_permissions VALUES (174, 80, 1, true);
INSERT INTO public.role_permissions VALUES (175, 81, 1, true);
INSERT INTO public.role_permissions VALUES (176, 82, 1, true);
INSERT INTO public.role_permissions VALUES (177, 83, 1, true);
INSERT INTO public.role_permissions VALUES (178, 84, 1, true);
INSERT INTO public.role_permissions VALUES (179, 84, 7, true);
INSERT INTO public.role_permissions VALUES (180, 84, 10, true);
INSERT INTO public.role_permissions VALUES (181, 85, 1, true);
INSERT INTO public.role_permissions VALUES (182, 85, 7, true);
INSERT INTO public.role_permissions VALUES (183, 85, 10, true);
INSERT INTO public.role_permissions VALUES (184, 86, 1, true);
INSERT INTO public.role_permissions VALUES (185, 86, 7, true);
INSERT INTO public.role_permissions VALUES (1, 1, 1, true);
INSERT INTO public.role_permissions VALUES (2, 1, 10, true);
INSERT INTO public.role_permissions VALUES (3, 2, 1, true);
INSERT INTO public.role_permissions VALUES (47, 8, 10, true);
INSERT INTO public.role_permissions VALUES (45, 8, 1, true);
INSERT INTO public.role_permissions VALUES (186, 86, 10, true);
INSERT INTO public.role_permissions VALUES (187, 87, 1, true);
INSERT INTO public.role_permissions VALUES (188, 87, 7, true);
INSERT INTO public.role_permissions VALUES (189, 87, 10, true);
INSERT INTO public.role_permissions VALUES (190, 88, 1, true);
INSERT INTO public.role_permissions VALUES (192, 89, 1, true);
INSERT INTO public.role_permissions VALUES (194, 90, 1, true);
INSERT INTO public.role_permissions VALUES (196, 91, 1, true);
INSERT INTO public.role_permissions VALUES (197, 92, 1, true);
INSERT INTO public.role_permissions VALUES (198, 93, 1, true);
INSERT INTO public.role_permissions VALUES (199, 94, 1, true);
INSERT INTO public.role_permissions VALUES (200, 95, 1, true);
INSERT INTO public.role_permissions VALUES (201, 95, 10, true);
INSERT INTO public.role_permissions VALUES (202, 96, 1, true);
INSERT INTO public.role_permissions VALUES (203, 96, 10, true);
INSERT INTO public.role_permissions VALUES (204, 97, 1, true);
INSERT INTO public.role_permissions VALUES (205, 97, 10, true);
INSERT INTO public.role_permissions VALUES (208, 9, 4, false);
INSERT INTO public.role_permissions VALUES (55, 11, 7, true);
INSERT INTO public.role_permissions VALUES (210, 23, 2, true);
INSERT INTO public.role_permissions VALUES (211, 23, 4, true);
INSERT INTO public.role_permissions VALUES (212, 24, 8, true);
INSERT INTO public.role_permissions VALUES (213, 24, 9, true);
INSERT INTO public.role_permissions VALUES (214, 27, 8, true);
INSERT INTO public.role_permissions VALUES (215, 27, 9, true);
INSERT INTO public.role_permissions VALUES (216, 39, 7, true);
INSERT INTO public.role_permissions VALUES (217, 13, 7, true);
INSERT INTO public.role_permissions VALUES (218, 13, 10, true);
INSERT INTO public.role_permissions VALUES (219, 14, 7, true);
INSERT INTO public.role_permissions VALUES (220, 15, 7, true);
INSERT INTO public.role_permissions VALUES (221, 16, 7, true);
INSERT INTO public.role_permissions VALUES (222, 17, 7, true);
INSERT INTO public.role_permissions VALUES (223, 50, 11, true);
INSERT INTO public.role_permissions VALUES (224, 50, 3, true);
INSERT INTO public.role_permissions VALUES (191, 88, 10, true);
INSERT INTO public.role_permissions VALUES (226, 88, 7, true);
INSERT INTO public.role_permissions VALUES (193, 89, 10, true);
INSERT INTO public.role_permissions VALUES (228, 89, 7, true);
INSERT INTO public.role_permissions VALUES (195, 90, 10, true);
INSERT INTO public.role_permissions VALUES (230, 90, 7, true);
INSERT INTO public.role_permissions VALUES (231, 74, 11, true);
INSERT INTO public.role_permissions VALUES (232, 75, 11, true);
INSERT INTO public.role_permissions VALUES (233, 76, 11, true);
INSERT INTO public.role_permissions VALUES (236, 1, 3, true);
INSERT INTO public.role_permissions VALUES (238, 1, 5, true);
INSERT INTO public.role_permissions VALUES (239, 1, 6, true);
INSERT INTO public.role_permissions VALUES (241, 1, 8, true);
INSERT INTO public.role_permissions VALUES (242, 1, 9, true);
INSERT INTO public.role_permissions VALUES (244, 1, 11, true);
INSERT INTO public.role_permissions VALUES (235, 1, 2, true);
INSERT INTO public.role_permissions VALUES (237, 1, 4, true);
INSERT INTO public.role_permissions VALUES (206, 8, 4, true);
INSERT INTO public.role_permissions VALUES (249, 8, 2, true);
INSERT INTO public.role_permissions VALUES (252, 8, 3, true);
INSERT INTO public.role_permissions VALUES (256, 1, 13, true);
INSERT INTO public.role_permissions VALUES (240, 1, 7, true);
INSERT INTO public.role_permissions VALUES (46, 8, 7, true);
INSERT INTO public.role_permissions VALUES (257, 22, 13, true);
INSERT INTO public.role_permissions VALUES (259, 22, 10, true);
INSERT INTO public.role_permissions VALUES (260, 22, 11, true);
INSERT INTO public.role_permissions VALUES (261, 8, 11, true);
INSERT INTO public.role_permissions VALUES (254, 8, 13, true);
INSERT INTO public.role_permissions VALUES (255, 8, 14, false);
INSERT INTO public.role_permissions VALUES (258, 22, 14, false);
INSERT INTO public.role_permissions VALUES (262, 8, 5, true);
INSERT INTO public.role_permissions VALUES (264, 1, 15, true);


--
-- Data for Name: roles; Type: TABLE DATA; Schema: public; Owner: postgres
--

INSERT INTO public.roles VALUES (3, 'CEO', 1, true);
INSERT INTO public.roles VALUES (4, 'CTO', 1, true);
INSERT INTO public.roles VALUES (5, 'COO', 1, true);
INSERT INTO public.roles VALUES (6, 'CFO', 1, true);
INSERT INTO public.roles VALUES (7, 'Vice President', 1, true);
INSERT INTO public.roles VALUES (8, 'HR Manager', 2, true);
INSERT INTO public.roles VALUES (9, 'HR Executive', 2, true);
INSERT INTO public.roles VALUES (10, 'Recruiter / Talent Acquisition', 2, true);
INSERT INTO public.roles VALUES (11, 'Payroll Officer', 2, true);
INSERT INTO public.roles VALUES (12, 'HR Business Partner', 2, true);
INSERT INTO public.roles VALUES (13, 'Finance Manager', 3, true);
INSERT INTO public.roles VALUES (14, 'Accountant', 3, true);
INSERT INTO public.roles VALUES (15, 'Financial Analyst', 3, true);
INSERT INTO public.roles VALUES (16, 'Billing Executive', 3, true);
INSERT INTO public.roles VALUES (17, 'Internal Auditor', 3, true);
INSERT INTO public.roles VALUES (18, 'Admin Manager', 4, true);
INSERT INTO public.roles VALUES (19, 'Receptionist', 4, true);
INSERT INTO public.roles VALUES (20, 'Office Assistant', 4, true);
INSERT INTO public.roles VALUES (21, 'Front Office Executive', 4, true);
INSERT INTO public.roles VALUES (22, 'Procurement Assistant', 4, true);
INSERT INTO public.roles VALUES (23, 'IT Manager', 5, true);
INSERT INTO public.roles VALUES (24, 'System Administrator', 5, true);
INSERT INTO public.roles VALUES (25, 'Database Administrator', 5, true);
INSERT INTO public.roles VALUES (26, 'Network Engineer', 5, true);
INSERT INTO public.roles VALUES (27, 'DevOps Engineer', 5, true);
INSERT INTO public.roles VALUES (28, 'IT Support / Help Desk', 5, true);
INSERT INTO public.roles VALUES (29, 'Product Manager', 6, true);
INSERT INTO public.roles VALUES (30, 'Software Engineer', 6, true);
INSERT INTO public.roles VALUES (31, 'QA Engineer', 6, true);
INSERT INTO public.roles VALUES (32, 'UI/UX Designer', 6, true);
INSERT INTO public.roles VALUES (33, 'Solution Architect', 6, true);
INSERT INTO public.roles VALUES (34, 'Operations Manager', 7, true);
INSERT INTO public.roles VALUES (35, 'Process Associate', 7, true);
INSERT INTO public.roles VALUES (36, 'Supply Chain Manager', 7, true);
INSERT INTO public.roles VALUES (37, 'Inventory Controller', 7, true);
INSERT INTO public.roles VALUES (38, 'Warehouse Manager', 7, true);
INSERT INTO public.roles VALUES (39, 'Sales Manager', 8, true);
INSERT INTO public.roles VALUES (40, 'Sales Executive', 8, true);
INSERT INTO public.roles VALUES (41, 'Business Development Manager', 8, true);
INSERT INTO public.roles VALUES (42, 'Key Account Manager', 8, true);
INSERT INTO public.roles VALUES (43, 'Lead Generation Executive', 8, true);
INSERT INTO public.roles VALUES (44, 'Marketing Manager', 9, true);
INSERT INTO public.roles VALUES (45, 'SEO Specialist', 9, true);
INSERT INTO public.roles VALUES (46, 'Social Media Manager', 9, true);
INSERT INTO public.roles VALUES (47, 'Content Writer', 9, true);
INSERT INTO public.roles VALUES (48, 'Brand Manager', 9, true);
INSERT INTO public.roles VALUES (49, 'Customer Support Executive', 10, true);
INSERT INTO public.roles VALUES (50, 'Customer Success Manager', 10, true);
INSERT INTO public.roles VALUES (51, 'Call Center Agent', 10, true);
INSERT INTO public.roles VALUES (52, 'Technical Support Engineer', 10, true);
INSERT INTO public.roles VALUES (53, 'Purchase Manager', 11, true);
INSERT INTO public.roles VALUES (54, 'Vendor Manager', 11, true);
INSERT INTO public.roles VALUES (55, 'Buyer / Purchaser', 11, true);
INSERT INTO public.roles VALUES (56, 'Inventory Planner', 11, true);
INSERT INTO public.roles VALUES (57, 'Legal Advisor', 12, true);
INSERT INTO public.roles VALUES (58, 'Compliance Officer', 12, true);
INSERT INTO public.roles VALUES (59, 'Contract Manager', 12, true);
INSERT INTO public.roles VALUES (60, 'Company Secretary', 12, true);
INSERT INTO public.roles VALUES (61, 'Logistics Manager', 13, true);
INSERT INTO public.roles VALUES (62, 'Dispatch Coordinator', 13, true);
INSERT INTO public.roles VALUES (63, 'Shipping Coordinator', 13, true);
INSERT INTO public.roles VALUES (64, 'Supply Chain Analyst', 13, true);
INSERT INTO public.roles VALUES (65, 'R&D Scientist', 14, true);
INSERT INTO public.roles VALUES (66, 'Research Engineer', 14, true);
INSERT INTO public.roles VALUES (67, 'Lab Technician', 14, true);
INSERT INTO public.roles VALUES (68, 'QA/QC Manager', 15, true);
INSERT INTO public.roles VALUES (69, 'Quality Inspector', 15, true);
INSERT INTO public.roles VALUES (70, 'Process Compliance Officer', 15, true);
INSERT INTO public.roles VALUES (71, 'Production Manager', 16, true);
INSERT INTO public.roles VALUES (72, 'Machine Operator', 16, true);
INSERT INTO public.roles VALUES (73, 'Maintenance Engineer', 16, true);
INSERT INTO public.roles VALUES (74, 'Security Manager', 17, true);
INSERT INTO public.roles VALUES (75, 'Security Guard', 17, true);
INSERT INTO public.roles VALUES (76, 'CCTV Operator', 17, true);
INSERT INTO public.roles VALUES (77, 'Facility Manager', 18, true);
INSERT INTO public.roles VALUES (78, 'Electrician', 18, true);
INSERT INTO public.roles VALUES (79, 'Office Boy', 18, true);
INSERT INTO public.roles VALUES (80, 'Cleaner', 18, true);
INSERT INTO public.roles VALUES (81, 'Corporate Trainer', 19, true);
INSERT INTO public.roles VALUES (82, 'Training Manager', 19, true);
INSERT INTO public.roles VALUES (83, 'Training Coordinator', 19, true);
INSERT INTO public.roles VALUES (84, 'Graphic Designer', 20, true);
INSERT INTO public.roles VALUES (85, 'Video Editor', 20, true);
INSERT INTO public.roles VALUES (86, 'Animator', 20, true);
INSERT INTO public.roles VALUES (87, 'Creative Director', 20, true);
INSERT INTO public.roles VALUES (88, 'Data Analyst', 21, true);
INSERT INTO public.roles VALUES (89, 'Data Scientist', 21, true);
INSERT INTO public.roles VALUES (90, 'BI Developer', 21, true);
INSERT INTO public.roles VALUES (91, 'Strategy Manager', 22, true);
INSERT INTO public.roles VALUES (92, 'Business Analyst', 22, true);
INSERT INTO public.roles VALUES (93, 'Project Manager', 22, true);
INSERT INTO public.roles VALUES (94, 'PMO Lead', 22, true);
INSERT INTO public.roles VALUES (95, 'PR Manager', 23, true);
INSERT INTO public.roles VALUES (96, 'Communications Executive', 23, true);
INSERT INTO public.roles VALUES (97, 'Event Coordinator', 23, true);
INSERT INTO public.roles VALUES (98, 'CSR Manager', 24, true);
INSERT INTO public.roles VALUES (99, 'CSR Coordinator', 24, true);
INSERT INTO public.roles VALUES (100, 'Sustainability Officer', 24, true);
INSERT INTO public.roles VALUES (1, 'admin', 0, true);
INSERT INTO public.roles VALUES (2, 'user', 0, true);


--
-- Data for Name: subscription_feature_matrix; Type: TABLE DATA; Schema: public; Owner: postgres
--

INSERT INTO public.subscription_feature_matrix VALUES (3, 'can_use_ai', 'Use AI', 'false', 'false', 'false', 'true', 'boolean');
INSERT INTO public.subscription_feature_matrix VALUES (4, 'max_projects', 'Max Projects', '1', '5', '50', '9999', 'integer');
INSERT INTO public.subscription_feature_matrix VALUES (1, 'can_edit_profile', 'Edit Profile', 'false', 'true', 'false', 'true', 'boolean');
INSERT INTO public.subscription_feature_matrix VALUES (2, 'can_change_password', 'Change Password', 'false', 'true', 'true', 'true', 'boolean');


--
-- Data for Name: subscription_plan; Type: TABLE DATA; Schema: public; Owner: postgres
--

INSERT INTO public.subscription_plan VALUES (1, 'free', 'Free', 'Free plan', 0, 'INR', 'monthly', 'monthly', true, '2025-12-09 15:35:46.677998+05:30', '2025-12-09 15:35:46.678066+05:30');
INSERT INTO public.subscription_plan VALUES (2, 'basic', 'Basic', 'Basic plan', 49900, 'INR', 'monthly', 'monthly', true, '2025-12-09 15:35:46.694216+05:30', '2025-12-09 15:35:46.694263+05:30');
INSERT INTO public.subscription_plan VALUES (4, 'enterprise', 'Enterprise', 'Enterprise plan', 999900, 'INR', 'monthly', 'monthly', true, '2025-12-09 15:35:46.703229+05:30', '2025-12-09 15:35:46.703282+05:30');
INSERT INTO public.subscription_plan VALUES (3, 'pro', 'Pro', 'Pro plan', 129900, 'INR', 'monthly', 'monthly', true, '2025-12-09 15:35:46.699221+05:30', '2025-12-09 15:35:46.699265+05:30');


--
-- Data for Name: subscriptions_usersubscription; Type: TABLE DATA; Schema: public; Owner: postgres
--

INSERT INTO public.subscriptions_usersubscription VALUES (1, '2025-12-09 15:36:50.231161+05:30', '2025-12-09 15:37:48.602974+05:30', false, 'expired', NULL, NULL, '2025-12-09 15:36:50.233859+05:30', '2025-12-09 15:36:50.233869+05:30', 3, 71);
INSERT INTO public.subscriptions_usersubscription VALUES (3, '2025-12-09 15:57:07.316067+05:30', NULL, true, 'active', NULL, NULL, '2025-12-09 15:57:07.355241+05:30', '2025-12-09 15:57:07.355262+05:30', 4, 14);
INSERT INTO public.subscriptions_usersubscription VALUES (2, '2025-12-09 15:37:48.602974+05:30', '2025-12-09 16:24:12.117527+05:30', false, 'expired', NULL, NULL, '2025-12-09 15:37:48.605292+05:30', '2025-12-09 15:37:48.605301+05:30', 4, 71);
INSERT INTO public.subscriptions_usersubscription VALUES (4, '2025-12-09 16:24:12.117527+05:30', '2025-12-09 16:48:42.864858+05:30', false, 'expired', NULL, NULL, '2025-12-09 16:24:12.13479+05:30', '2025-12-09 16:24:12.134812+05:30', 3, 71);
INSERT INTO public.subscriptions_usersubscription VALUES (5, '2025-12-09 16:48:42.864858+05:30', '2025-12-09 16:48:53.11974+05:30', false, 'expired', NULL, NULL, '2025-12-09 16:48:42.880582+05:30', '2025-12-09 16:48:42.880607+05:30', 1, 71);
INSERT INTO public.subscriptions_usersubscription VALUES (6, '2025-12-09 16:48:53.11974+05:30', '2025-12-09 16:50:10.336415+05:30', false, 'expired', NULL, NULL, '2025-12-09 16:48:53.123395+05:30', '2025-12-09 16:48:53.123409+05:30', 1, 71);
INSERT INTO public.subscriptions_usersubscription VALUES (7, '2025-12-09 16:50:10.336415+05:30', NULL, true, 'active', NULL, NULL, '2025-12-09 16:50:10.343729+05:30', '2025-12-09 16:50:10.343751+05:30', 4, 71);


--
-- Data for Name: user_error; Type: TABLE DATA; Schema: public; Owner: postgres
--

INSERT INTO public.user_error VALUES (1, 'EP001', 'Special characters are not allowed in name.', 'Personal Details Validation Errors');
INSERT INTO public.user_error VALUES (2, 'EP002', 'Name is required.', 'Personal Details Validation Errors');
INSERT INTO public.user_error VALUES (3, 'EP003', 'Name cannot exceed 50 characters.', 'Personal Details Validation Errors');
INSERT INTO public.user_error VALUES (4, 'EP004', 'Remove extra spaces from name.', 'Personal Details Validation Errors');
INSERT INTO public.user_error VALUES (5, 'EP005', 'Phone number must contain only digits.', 'Personal Details Validation Errors');
INSERT INTO public.user_error VALUES (6, 'EP006', 'Invalid characters in phone number.', 'Personal Details Validation Errors');
INSERT INTO public.user_error VALUES (7, 'EP007', 'Phone number is required.', 'Personal Details Validation Errors');
INSERT INTO public.user_error VALUES (8, 'EP008', 'Selected country code.', 'Personal Details Validation Errors');
INSERT INTO public.user_error VALUES (9, 'EP009', 'Phone number length is invalid for selected country.', 'Personal Details Validation Errors');
INSERT INTO public.user_error VALUES (10, 'EP010', 'Email must contain @ symbol.', 'Personal Details Validation Errors');
INSERT INTO public.user_error VALUES (11, 'EP011', 'Email format is invalid.', 'Personal Details Validation Errors');
INSERT INTO public.user_error VALUES (12, 'EP012', 'Invalid domain in email address.', 'Personal Details Validation Errors');
INSERT INTO public.user_error VALUES (13, 'EP013', 'Email contains invalid characters.', 'Personal Details Validation Errors');
INSERT INTO public.user_error VALUES (14, 'EP014', 'Email format is incorrect.', 'Personal Details Validation Errors');
INSERT INTO public.user_error VALUES (15, 'EP015', 'Email is required.', 'Personal Details Validation Errors');
INSERT INTO public.user_error VALUES (16, 'EA001', 'Invalid characters in house/flat number.', 'Address Validation Errors');
INSERT INTO public.user_error VALUES (17, 'EA002', 'House/Flat number is required.', 'Address Validation Errors');
INSERT INTO public.user_error VALUES (18, 'EA003', 'Only letters, numbers, and spaces allowed.', 'Address Validation Errors');
INSERT INTO public.user_error VALUES (19, 'EA004', 'This field is required.', 'Address Validation Errors');
INSERT INTO public.user_error VALUES (20, 'EA005', 'Pin code must be alphanumeric only.', 'Address Validation Errors');
INSERT INTO public.user_error VALUES (21, 'EA006', 'Invalid pin code. Please enter a valid code.', 'Address Validation Errors');
INSERT INTO public.user_error VALUES (22, 'EA007', 'Unable to auto-fill location. Please check pin code.', 'Address Validation Errors');
INSERT INTO public.user_error VALUES (23, 'EA008', 'Auto-fill failed. Pin code is missing.', 'Address Validation Errors');
INSERT INTO public.user_error VALUES (24, 'ES001', 'Please fill all required fields.', 'Form Submission Errors');
INSERT INTO public.user_error VALUES (25, 'ES002', 'Please correct highlighted fields.', 'Form Submission Errors');
INSERT INTO public.user_error VALUES (26, 'ES003', 'Email already registered.', 'Form Submission Errors');
INSERT INTO public.user_error VALUES (27, 'EU001', 'Invalid email format.', 'Profile Update Error');
INSERT INTO public.user_error VALUES (28, 'EU002', 'Fields cannot be empty.', 'Profile Update Error');
INSERT INTO public.user_error VALUES (29, 'EU003', 'Unauthorized access.', 'Profile Update Error');
INSERT INTO public.user_error VALUES (30, 'ER001', 'Access denied.', 'User Remove Errors');
INSERT INTO public.user_error VALUES (31, 'ER002', 'User not found.', 'User Remove Errors');
INSERT INTO public.user_error VALUES (32, 'EH001', 'Non-admin tries to hold user.', 'Hold Functionality');
INSERT INTO public.user_error VALUES (33, 'EV001', 'Incomplete profile information.', 'Profile View');
INSERT INTO public.user_error VALUES (34, 'EV002', 'Unauthorized user tries to view profile.', 'Profile View');
INSERT INTO public.user_error VALUES (37, 'EF003', 'Passwords do not match', 'forget password');
INSERT INTO public.user_error VALUES (38, 'EF002', 'Code is wrong', 'forgot password');
INSERT INTO public.user_error VALUES (39, 'EF004', 'session ended.', 'forget');
INSERT INTO public.user_error VALUES (40, 'EP016', 'User exist', 'Personal details');
INSERT INTO public.user_error VALUES (42, 'EG001', 'Something went wrong while changing password.', 'Change password');
INSERT INTO public.user_error VALUES (43, 'EC002', 'Password contains atleast one number', 'Change password');
INSERT INTO public.user_error VALUES (36, 'EF001', 'Email is not registered', 'forget passowrd');
INSERT INTO public.user_error VALUES (41, 'EC001', 'Wrong Password', 'Change password');
INSERT INTO public.user_error VALUES (44, 'EG002', 'Something went wrong , Please check details again', 'edit user -admin');
INSERT INTO public.user_error VALUES (45, 'EA009', 'Max digits must be10', 'Personal Details Validation Error');
INSERT INTO public.user_error VALUES (35, 'EL001', 'Invalid username and password', 'login failure');
INSERT INTO public.user_error VALUES (46, 'EA010', 'server not reachable , try again', 'server error');
INSERT INTO public.user_error VALUES (48, 'EX001', 'You don''t have permission', 'Admin permission');


--
-- Data for Name: user_information; Type: TABLE DATA; Schema: public; Owner: postgres
--

INSERT INTO public.user_information VALUES (1, 'IP001', 'Personal details saved successfully.', 'Personal Details Information');
INSERT INTO public.user_information VALUES (2, 'IA001', 'Address added successfully.', 'Address Information');
INSERT INTO public.user_information VALUES (3, 'IA002', 'Address updated successfully.', 'Address Information');
INSERT INTO public.user_information VALUES (4, 'IA003', 'Address deleted successfully.', 'Address Information');
INSERT INTO public.user_information VALUES (5, 'IR001', 'Account created successfully.', 'Registration Information');
INSERT INTO public.user_information VALUES (6, 'IR004', 'Account already verified.', 'Registration Information');
INSERT INTO public.user_information VALUES (7, 'IL001', 'Login successful.', 'Login Information');
INSERT INTO public.user_information VALUES (8, 'IL002', 'Logout successful.', 'Login Information');
INSERT INTO public.user_information VALUES (9, 'IL003', 'Session expired. Please login again.', 'Login Information');
INSERT INTO public.user_information VALUES (10, 'IPU001', 'Profile updated successfully.', 'Profile Update Information');
INSERT INTO public.user_information VALUES (11, 'IPU003', 'No changes detected.', 'Profile Update Information');
INSERT INTO public.user_information VALUES (13, 'IFP002', 'Password reset successful.', 'Forgot Password Information');
INSERT INTO public.user_information VALUES (15, 'ICP002', 'Old password verified.', 'Change Password Information');
INSERT INTO public.user_information VALUES (16, 'IAD001', 'User added successfully.', 'Admin Information');
INSERT INTO public.user_information VALUES (17, 'IAD002', 'User removed successfully.', 'Admin Information');
INSERT INTO public.user_information VALUES (18, 'IAD003', 'User access updated successfully.', 'Admin Information');
INSERT INTO public.user_information VALUES (19, 'IV002', 'No data found, please add your details.', 'Profile View Information');
INSERT INTO public.user_information VALUES (12, 'IFP001', 'Verification sent successfully', 'Forgot Password Information');
INSERT INTO public.user_information VALUES (14, 'ICP001', 'Password changed successfully', 'Change Password Information');
INSERT INTO public.user_information VALUES (20, 'IA004', 'Updated successfully', 'address ');
INSERT INTO public.user_information VALUES (22, 'IS001', 'Subscribe to plan', 'Subscription');


--
-- Data for Name: user_permission_override; Type: TABLE DATA; Schema: public; Owner: postgres
--



--
-- Data for Name: user_validation; Type: TABLE DATA; Schema: public; Owner: postgres
--

INSERT INTO public.user_validation VALUES (1, 'VP001', 'Alphabets only, no special chars', 'Personal Details Validation Errors');
INSERT INTO public.user_validation VALUES (2, 'VP002', 'This field is mandatory', 'Personal Details Validation Errors');
INSERT INTO public.user_validation VALUES (3, 'VP003', 'Max length is 50', 'Personal Details Validation Errors');
INSERT INTO public.user_validation VALUES (4, 'VP004', '-', 'Personal Details Validation Errors');
INSERT INTO public.user_validation VALUES (5, 'VP005', 'digits only', 'Personal Details Validation Errors');
INSERT INTO public.user_validation VALUES (6, 'VP006', 'digits only', 'Personal Details Validation Errors');
INSERT INTO public.user_validation VALUES (7, 'VP007', 'This field is mandatory', 'Personal Details Validation Errors');
INSERT INTO public.user_validation VALUES (8, 'VP008', 'Must select country before enter number', 'Personal Details Validation Errors');
INSERT INTO public.user_validation VALUES (9, 'VP009', 'Max length is 10', 'Personal Details Validation Errors');
INSERT INTO public.user_validation VALUES (10, 'VP010', 'Must contain @', 'Personal Details Validation Errors');
INSERT INTO public.user_validation VALUES (11, 'VP011', 'Must contain @ and valid domain', 'Personal Details Validation Errors');
INSERT INTO public.user_validation VALUES (12, 'VP012', 'Must contain @ and valid domain', 'Personal Details Validation Errors');
INSERT INTO public.user_validation VALUES (13, 'VP013', 'no special chars', 'Personal Details Validation Errors');
INSERT INTO public.user_validation VALUES (14, 'VP014', 'Must contain @', 'Personal Details Validation Errors');
INSERT INTO public.user_validation VALUES (15, 'VP015', 'This field is mandatory', NULL);
INSERT INTO public.user_validation VALUES (17, 'VA002', 'This field is mandatory', 'Address Validation Errors');
INSERT INTO public.user_validation VALUES (19, 'VA004', 'This field is mandatory', 'Address Validation Errors');
INSERT INTO public.user_validation VALUES (20, 'VA005', 'Alphanumeric only', 'Address Validation Errors');
INSERT INTO public.user_validation VALUES (21, 'VA006', 'Invalid pincode', 'Address Validation Errors');
INSERT INTO public.user_validation VALUES (22, 'VA007', 'Invalid pin code', 'Address Validation Errors');
INSERT INTO public.user_validation VALUES (23, 'VA008', 'Invalid pin code', 'Address Validation Errors');
INSERT INTO public.user_validation VALUES (24, 'VS001', 'Some fields are missing', 'Form Submission Errors');
INSERT INTO public.user_validation VALUES (25, 'VS002', 'Some fields are missing( Highlight mandatory fields)', 'Form Submission Errors');
INSERT INTO public.user_validation VALUES (26, 'VS003', 'Email already registered.', 'Form Submission Errors');
INSERT INTO public.user_validation VALUES (27, 'VU001', 'Must contain @ and valid domain', 'Profile Update Error');
INSERT INTO public.user_validation VALUES (28, 'VU002', 'This field is mandatory', 'Profile Update Error');
INSERT INTO public.user_validation VALUES (29, 'VU003', 'You dont have permission.', 'Profile Update Error');
INSERT INTO public.user_validation VALUES (30, 'VR001', 'Access denied.', 'User Remove Errors');
INSERT INTO public.user_validation VALUES (31, 'VR002', 'Please check user_id', 'User Remove Errors');
INSERT INTO public.user_validation VALUES (32, 'VH001', 'You dont have permission.', 'Hold Functionality');
INSERT INTO public.user_validation VALUES (33, 'VV001', 'Incomplete profile information', 'Profile View');
INSERT INTO public.user_validation VALUES (34, 'VV002', 'Access denied', 'Profile View');
INSERT INTO public.user_validation VALUES (16, 'VA001', 'Special Charcters are not allowed', 'Address Validation Errors');
INSERT INTO public.user_validation VALUES (18, 'VA003', 'Special Charcters are not allowed', 'Address Validation Errors');
INSERT INTO public.user_validation VALUES (36, 'VT001', 'Succesfully subscribe..', 'Plan details');


--
-- Data for Name: viewprofile_userprofile; Type: TABLE DATA; Schema: public; Owner: postgres
--

INSERT INTO public.viewprofile_userprofile VALUES (1, 'Test User', '9876543210', 'yash@gmail.com', '123', 'Main Street', 'Near Park', 'Central', 'Hyderabad', 'Telangana', 'India', '500001', '2025-11-05 23:58:29.335035+05:30', '2025-11-05 23:58:29.33506+05:30', 4);


--
-- Name: accounts_department_id_seq; Type: SEQUENCE SET; Schema: public; Owner: postgres
--

SELECT pg_catalog.setval('public.accounts_department_id_seq', 39, true);


--
-- Name: accounts_role_id_seq; Type: SEQUENCE SET; Schema: public; Owner: postgres
--

SELECT pg_catalog.setval('public.accounts_role_id_seq', 118, true);


--
-- Name: accounts_user_groups_id_seq; Type: SEQUENCE SET; Schema: public; Owner: postgres
--

SELECT pg_catalog.setval('public.accounts_user_groups_id_seq', 1, false);


--
-- Name: accounts_user_id_seq; Type: SEQUENCE SET; Schema: public; Owner: postgres
--

SELECT pg_catalog.setval('public.accounts_user_id_seq', 80, true);


--
-- Name: accounts_user_user_permissions_id_seq; Type: SEQUENCE SET; Schema: public; Owner: postgres
--

SELECT pg_catalog.setval('public.accounts_user_user_permissions_id_seq', 1, false);


--
-- Name: accounts_usererror_id_seq; Type: SEQUENCE SET; Schema: public; Owner: postgres
--

SELECT pg_catalog.setval('public.accounts_usererror_id_seq', 48, true);


--
-- Name: accounts_userinformation_id_seq; Type: SEQUENCE SET; Schema: public; Owner: postgres
--

SELECT pg_catalog.setval('public.accounts_userinformation_id_seq', 22, true);


--
-- Name: accounts_uservalidation_id_seq; Type: SEQUENCE SET; Schema: public; Owner: postgres
--

SELECT pg_catalog.setval('public.accounts_uservalidation_id_seq', 36, true);


--
-- Name: addresses_address_id_seq; Type: SEQUENCE SET; Schema: public; Owner: postgres
--

SELECT pg_catalog.setval('public.addresses_address_id_seq', 52, true);


--
-- Name: auth_group_id_seq; Type: SEQUENCE SET; Schema: public; Owner: postgres
--

SELECT pg_catalog.setval('public.auth_group_id_seq', 1, false);


--
-- Name: auth_group_permissions_id_seq; Type: SEQUENCE SET; Schema: public; Owner: postgres
--

SELECT pg_catalog.setval('public.auth_group_permissions_id_seq', 1, false);


--
-- Name: auth_permission_id_seq; Type: SEQUENCE SET; Schema: public; Owner: postgres
--

SELECT pg_catalog.setval('public.auth_permission_id_seq', 88, true);


--
-- Name: department_permissions_id_seq; Type: SEQUENCE SET; Schema: public; Owner: postgres
--

SELECT pg_catalog.setval('public.department_permissions_id_seq', 48, true);


--
-- Name: django_admin_log_id_seq; Type: SEQUENCE SET; Schema: public; Owner: postgres
--

SELECT pg_catalog.setval('public.django_admin_log_id_seq', 1, false);


--
-- Name: django_content_type_id_seq; Type: SEQUENCE SET; Schema: public; Owner: postgres
--

SELECT pg_catalog.setval('public.django_content_type_id_seq', 22, true);


--
-- Name: django_migrations_id_seq; Type: SEQUENCE SET; Schema: public; Owner: postgres
--

SELECT pg_catalog.setval('public.django_migrations_id_seq', 46, true);


--
-- Name: password_reset_otpcode_id_seq; Type: SEQUENCE SET; Schema: public; Owner: postgres
--

SELECT pg_catalog.setval('public.password_reset_otpcode_id_seq', 129, true);


--
-- Name: permissions_id_seq; Type: SEQUENCE SET; Schema: public; Owner: postgres
--

SELECT pg_catalog.setval('public.permissions_id_seq', 15, true);


--
-- Name: role_permissions_id_seq; Type: SEQUENCE SET; Schema: public; Owner: postgres
--

SELECT pg_catalog.setval('public.role_permissions_id_seq', 264, true);


--
-- Name: subscription_feature_matrix_id_seq; Type: SEQUENCE SET; Schema: public; Owner: postgres
--

SELECT pg_catalog.setval('public.subscription_feature_matrix_id_seq', 4, true);


--
-- Name: subscription_plan_id_seq; Type: SEQUENCE SET; Schema: public; Owner: postgres
--

SELECT pg_catalog.setval('public.subscription_plan_id_seq', 4, true);


--
-- Name: subscriptions_usersubscription_id_seq; Type: SEQUENCE SET; Schema: public; Owner: postgres
--

SELECT pg_catalog.setval('public.subscriptions_usersubscription_id_seq', 7, true);


--
-- Name: user_permission_override_id_seq; Type: SEQUENCE SET; Schema: public; Owner: postgres
--

SELECT pg_catalog.setval('public.user_permission_override_id_seq', 1, false);


--
-- Name: viewprofile_userprofile_id_seq; Type: SEQUENCE SET; Schema: public; Owner: postgres
--

SELECT pg_catalog.setval('public.viewprofile_userprofile_id_seq', 1, true);


--
-- Name: accounts_department accounts_department_pkey; Type: CONSTRAINT; Schema: public; Owner: postgres
--

ALTER TABLE ONLY public.accounts_department
    ADD CONSTRAINT accounts_department_pkey PRIMARY KEY (id);


--
-- Name: accounts_role accounts_role_pkey; Type: CONSTRAINT; Schema: public; Owner: postgres
--

ALTER TABLE ONLY public.accounts_role
    ADD CONSTRAINT accounts_role_pkey PRIMARY KEY (id);


--
-- Name: accounts_role accounts_role_role_name_department_id_ab815581_uniq; Type: CONSTRAINT; Schema: public; Owner: postgres
--

ALTER TABLE ONLY public.accounts_role
    ADD CONSTRAINT accounts_role_role_name_department_id_ab815581_uniq UNIQUE (role_name, department_id);


--
-- Name: accounts_user_groups accounts_user_groups_pkey; Type: CONSTRAINT; Schema: public; Owner: postgres
--

ALTER TABLE ONLY public.accounts_user_groups
    ADD CONSTRAINT accounts_user_groups_pkey PRIMARY KEY (id);


--
-- Name: accounts_user_groups accounts_user_groups_user_id_group_id_59c0b32f_uniq; Type: CONSTRAINT; Schema: public; Owner: postgres
--

ALTER TABLE ONLY public.accounts_user_groups
    ADD CONSTRAINT accounts_user_groups_user_id_group_id_59c0b32f_uniq UNIQUE (user_id, group_id);


--
-- Name: accounts_user accounts_user_pkey; Type: CONSTRAINT; Schema: public; Owner: postgres
--

ALTER TABLE ONLY public.accounts_user
    ADD CONSTRAINT accounts_user_pkey PRIMARY KEY (id);


--
-- Name: accounts_user_user_permissions accounts_user_user_permi_user_id_permission_id_2ab516c2_uniq; Type: CONSTRAINT; Schema: public; Owner: postgres
--

ALTER TABLE ONLY public.accounts_user_user_permissions
    ADD CONSTRAINT accounts_user_user_permi_user_id_permission_id_2ab516c2_uniq UNIQUE (user_id, permission_id);


--
-- Name: accounts_user_user_permissions accounts_user_user_permissions_pkey; Type: CONSTRAINT; Schema: public; Owner: postgres
--

ALTER TABLE ONLY public.accounts_user_user_permissions
    ADD CONSTRAINT accounts_user_user_permissions_pkey PRIMARY KEY (id);


--
-- Name: accounts_user accounts_user_username_key; Type: CONSTRAINT; Schema: public; Owner: postgres
--

ALTER TABLE ONLY public.accounts_user
    ADD CONSTRAINT accounts_user_username_key UNIQUE (username);


--
-- Name: user_error accounts_usererror_error_code_key; Type: CONSTRAINT; Schema: public; Owner: postgres
--

ALTER TABLE ONLY public.user_error
    ADD CONSTRAINT accounts_usererror_error_code_key UNIQUE (error_code);


--
-- Name: user_error accounts_usererror_pkey; Type: CONSTRAINT; Schema: public; Owner: postgres
--

ALTER TABLE ONLY public.user_error
    ADD CONSTRAINT accounts_usererror_pkey PRIMARY KEY (id);


--
-- Name: user_information accounts_userinformation_information_code_key; Type: CONSTRAINT; Schema: public; Owner: postgres
--

ALTER TABLE ONLY public.user_information
    ADD CONSTRAINT accounts_userinformation_information_code_key UNIQUE (information_code);


--
-- Name: user_information accounts_userinformation_pkey; Type: CONSTRAINT; Schema: public; Owner: postgres
--

ALTER TABLE ONLY public.user_information
    ADD CONSTRAINT accounts_userinformation_pkey PRIMARY KEY (id);


--
-- Name: user_validation accounts_uservalidation_pkey; Type: CONSTRAINT; Schema: public; Owner: postgres
--

ALTER TABLE ONLY public.user_validation
    ADD CONSTRAINT accounts_uservalidation_pkey PRIMARY KEY (id);


--
-- Name: user_validation accounts_uservalidation_validation_code_key; Type: CONSTRAINT; Schema: public; Owner: postgres
--

ALTER TABLE ONLY public.user_validation
    ADD CONSTRAINT accounts_uservalidation_validation_code_key UNIQUE (validation_code);


--
-- Name: addresses_address addresses_address_pkey; Type: CONSTRAINT; Schema: public; Owner: postgres
--

ALTER TABLE ONLY public.addresses_address
    ADD CONSTRAINT addresses_address_pkey PRIMARY KEY (id);


--
-- Name: auth_group auth_group_name_key; Type: CONSTRAINT; Schema: public; Owner: postgres
--

ALTER TABLE ONLY public.auth_group
    ADD CONSTRAINT auth_group_name_key UNIQUE (name);


--
-- Name: auth_group_permissions auth_group_permissions_group_id_permission_id_0cd325b0_uniq; Type: CONSTRAINT; Schema: public; Owner: postgres
--

ALTER TABLE ONLY public.auth_group_permissions
    ADD CONSTRAINT auth_group_permissions_group_id_permission_id_0cd325b0_uniq UNIQUE (group_id, permission_id);


--
-- Name: auth_group_permissions auth_group_permissions_pkey; Type: CONSTRAINT; Schema: public; Owner: postgres
--

ALTER TABLE ONLY public.auth_group_permissions
    ADD CONSTRAINT auth_group_permissions_pkey PRIMARY KEY (id);


--
-- Name: auth_group auth_group_pkey; Type: CONSTRAINT; Schema: public; Owner: postgres
--

ALTER TABLE ONLY public.auth_group
    ADD CONSTRAINT auth_group_pkey PRIMARY KEY (id);


--
-- Name: auth_permission auth_permission_content_type_id_codename_01ab375a_uniq; Type: CONSTRAINT; Schema: public; Owner: postgres
--

ALTER TABLE ONLY public.auth_permission
    ADD CONSTRAINT auth_permission_content_type_id_codename_01ab375a_uniq UNIQUE (content_type_id, codename);


--
-- Name: auth_permission auth_permission_pkey; Type: CONSTRAINT; Schema: public; Owner: postgres
--

ALTER TABLE ONLY public.auth_permission
    ADD CONSTRAINT auth_permission_pkey PRIMARY KEY (id);


--
-- Name: department_permissions department_permissions_department_id_permission_id_key; Type: CONSTRAINT; Schema: public; Owner: postgres
--

ALTER TABLE ONLY public.department_permissions
    ADD CONSTRAINT department_permissions_department_id_permission_id_key UNIQUE (department_id, permission_id);


--
-- Name: department_permissions department_permissions_pkey; Type: CONSTRAINT; Schema: public; Owner: postgres
--

ALTER TABLE ONLY public.department_permissions
    ADD CONSTRAINT department_permissions_pkey PRIMARY KEY (id);


--
-- Name: department department_pkey; Type: CONSTRAINT; Schema: public; Owner: postgres
--

ALTER TABLE ONLY public.department
    ADD CONSTRAINT department_pkey PRIMARY KEY (id);


--
-- Name: django_admin_log django_admin_log_pkey; Type: CONSTRAINT; Schema: public; Owner: postgres
--

ALTER TABLE ONLY public.django_admin_log
    ADD CONSTRAINT django_admin_log_pkey PRIMARY KEY (id);


--
-- Name: django_content_type django_content_type_app_label_model_76bd3d3b_uniq; Type: CONSTRAINT; Schema: public; Owner: postgres
--

ALTER TABLE ONLY public.django_content_type
    ADD CONSTRAINT django_content_type_app_label_model_76bd3d3b_uniq UNIQUE (app_label, model);


--
-- Name: django_content_type django_content_type_pkey; Type: CONSTRAINT; Schema: public; Owner: postgres
--

ALTER TABLE ONLY public.django_content_type
    ADD CONSTRAINT django_content_type_pkey PRIMARY KEY (id);


--
-- Name: django_migrations django_migrations_pkey; Type: CONSTRAINT; Schema: public; Owner: postgres
--

ALTER TABLE ONLY public.django_migrations
    ADD CONSTRAINT django_migrations_pkey PRIMARY KEY (id);


--
-- Name: django_session django_session_pkey; Type: CONSTRAINT; Schema: public; Owner: postgres
--

ALTER TABLE ONLY public.django_session
    ADD CONSTRAINT django_session_pkey PRIMARY KEY (session_key);


--
-- Name: password_reset_otpcode password_reset_otpcode_pkey; Type: CONSTRAINT; Schema: public; Owner: postgres
--

ALTER TABLE ONLY public.password_reset_otpcode
    ADD CONSTRAINT password_reset_otpcode_pkey PRIMARY KEY (id);


--
-- Name: permissions permissions_codename_key; Type: CONSTRAINT; Schema: public; Owner: postgres
--

ALTER TABLE ONLY public.permissions
    ADD CONSTRAINT permissions_codename_key UNIQUE (codename);


--
-- Name: permissions permissions_pkey; Type: CONSTRAINT; Schema: public; Owner: postgres
--

ALTER TABLE ONLY public.permissions
    ADD CONSTRAINT permissions_pkey PRIMARY KEY (id);


--
-- Name: role_permissions role_permissions_pkey; Type: CONSTRAINT; Schema: public; Owner: postgres
--

ALTER TABLE ONLY public.role_permissions
    ADD CONSTRAINT role_permissions_pkey PRIMARY KEY (id);


--
-- Name: role_permissions role_permissions_role_id_permission_id_key; Type: CONSTRAINT; Schema: public; Owner: postgres
--

ALTER TABLE ONLY public.role_permissions
    ADD CONSTRAINT role_permissions_role_id_permission_id_key UNIQUE (role_id, permission_id);


--
-- Name: roles roles_pkey; Type: CONSTRAINT; Schema: public; Owner: postgres
--

ALTER TABLE ONLY public.roles
    ADD CONSTRAINT roles_pkey PRIMARY KEY (id);


--
-- Name: subscription_feature_matrix subscription_feature_matrix_pkey; Type: CONSTRAINT; Schema: public; Owner: postgres
--

ALTER TABLE ONLY public.subscription_feature_matrix
    ADD CONSTRAINT subscription_feature_matrix_pkey PRIMARY KEY (id);


--
-- Name: subscription_feature_matrix subscription_feature_matrix_slug_key; Type: CONSTRAINT; Schema: public; Owner: postgres
--

ALTER TABLE ONLY public.subscription_feature_matrix
    ADD CONSTRAINT subscription_feature_matrix_slug_key UNIQUE (slug);


--
-- Name: subscription_plan subscription_plan_pkey; Type: CONSTRAINT; Schema: public; Owner: postgres
--

ALTER TABLE ONLY public.subscription_plan
    ADD CONSTRAINT subscription_plan_pkey PRIMARY KEY (id);


--
-- Name: subscription_plan subscription_plan_slug_key; Type: CONSTRAINT; Schema: public; Owner: postgres
--

ALTER TABLE ONLY public.subscription_plan
    ADD CONSTRAINT subscription_plan_slug_key UNIQUE (slug);


--
-- Name: subscriptions_usersubscription subscriptions_usersubscription_pkey; Type: CONSTRAINT; Schema: public; Owner: postgres
--

ALTER TABLE ONLY public.subscriptions_usersubscription
    ADD CONSTRAINT subscriptions_usersubscription_pkey PRIMARY KEY (id);


--
-- Name: user_permission_override user_permission_override_pkey; Type: CONSTRAINT; Schema: public; Owner: postgres
--

ALTER TABLE ONLY public.user_permission_override
    ADD CONSTRAINT user_permission_override_pkey PRIMARY KEY (id);


--
-- Name: user_permission_override user_permission_override_user_id_permission_id_key; Type: CONSTRAINT; Schema: public; Owner: postgres
--

ALTER TABLE ONLY public.user_permission_override
    ADD CONSTRAINT user_permission_override_user_id_permission_id_key UNIQUE (user_id, permission_id);


--
-- Name: viewprofile_userprofile viewprofile_userprofile_pkey; Type: CONSTRAINT; Schema: public; Owner: postgres
--

ALTER TABLE ONLY public.viewprofile_userprofile
    ADD CONSTRAINT viewprofile_userprofile_pkey PRIMARY KEY (id);


--
-- Name: viewprofile_userprofile viewprofile_userprofile_user_id_key; Type: CONSTRAINT; Schema: public; Owner: postgres
--

ALTER TABLE ONLY public.viewprofile_userprofile
    ADD CONSTRAINT viewprofile_userprofile_user_id_key UNIQUE (user_id);


--
-- Name: accounts_role_department_id_6aeb01bd; Type: INDEX; Schema: public; Owner: postgres
--

CREATE INDEX accounts_role_department_id_6aeb01bd ON public.accounts_role USING btree (department_id);


--
-- Name: accounts_user_groups_group_id_bd11a704; Type: INDEX; Schema: public; Owner: postgres
--

CREATE INDEX accounts_user_groups_group_id_bd11a704 ON public.accounts_user_groups USING btree (group_id);


--
-- Name: accounts_user_groups_user_id_52b62117; Type: INDEX; Schema: public; Owner: postgres
--

CREATE INDEX accounts_user_groups_user_id_52b62117 ON public.accounts_user_groups USING btree (user_id);


--
-- Name: accounts_user_role_id_a6dd19b0; Type: INDEX; Schema: public; Owner: postgres
--

CREATE INDEX accounts_user_role_id_a6dd19b0 ON public.accounts_user USING btree (role_id);


--
-- Name: accounts_user_user_permissions_permission_id_113bb443; Type: INDEX; Schema: public; Owner: postgres
--

CREATE INDEX accounts_user_user_permissions_permission_id_113bb443 ON public.accounts_user_user_permissions USING btree (permission_id);


--
-- Name: accounts_user_user_permissions_user_id_e4f0a161; Type: INDEX; Schema: public; Owner: postgres
--

CREATE INDEX accounts_user_user_permissions_user_id_e4f0a161 ON public.accounts_user_user_permissions USING btree (user_id);


--
-- Name: accounts_user_username_6088629e_like; Type: INDEX; Schema: public; Owner: postgres
--

CREATE INDEX accounts_user_username_6088629e_like ON public.accounts_user USING btree (username varchar_pattern_ops);


--
-- Name: accounts_usererror_error_code_a6be9341_like; Type: INDEX; Schema: public; Owner: postgres
--

CREATE INDEX accounts_usererror_error_code_a6be9341_like ON public.user_error USING btree (error_code varchar_pattern_ops);


--
-- Name: accounts_userinformation_information_code_aa8f6f99_like; Type: INDEX; Schema: public; Owner: postgres
--

CREATE INDEX accounts_userinformation_information_code_aa8f6f99_like ON public.user_information USING btree (information_code varchar_pattern_ops);


--
-- Name: accounts_uservalidation_validation_code_be102037_like; Type: INDEX; Schema: public; Owner: postgres
--

CREATE INDEX accounts_uservalidation_validation_code_be102037_like ON public.user_validation USING btree (validation_code varchar_pattern_ops);


--
-- Name: addresses_address_user_id_01a7dcfa; Type: INDEX; Schema: public; Owner: postgres
--

CREATE INDEX addresses_address_user_id_01a7dcfa ON public.addresses_address USING btree (user_id);


--
-- Name: auth_group_name_a6ea08ec_like; Type: INDEX; Schema: public; Owner: postgres
--

CREATE INDEX auth_group_name_a6ea08ec_like ON public.auth_group USING btree (name varchar_pattern_ops);


--
-- Name: auth_group_permissions_group_id_b120cbf9; Type: INDEX; Schema: public; Owner: postgres
--

CREATE INDEX auth_group_permissions_group_id_b120cbf9 ON public.auth_group_permissions USING btree (group_id);


--
-- Name: auth_group_permissions_permission_id_84c5c92e; Type: INDEX; Schema: public; Owner: postgres
--

CREATE INDEX auth_group_permissions_permission_id_84c5c92e ON public.auth_group_permissions USING btree (permission_id);


--
-- Name: auth_permission_content_type_id_2f476e4b; Type: INDEX; Schema: public; Owner: postgres
--

CREATE INDEX auth_permission_content_type_id_2f476e4b ON public.auth_permission USING btree (content_type_id);


--
-- Name: django_admin_log_content_type_id_c4bce8eb; Type: INDEX; Schema: public; Owner: postgres
--

CREATE INDEX django_admin_log_content_type_id_c4bce8eb ON public.django_admin_log USING btree (content_type_id);


--
-- Name: django_admin_log_user_id_c564eba6; Type: INDEX; Schema: public; Owner: postgres
--

CREATE INDEX django_admin_log_user_id_c564eba6 ON public.django_admin_log USING btree (user_id);


--
-- Name: django_session_expire_date_a5c62663; Type: INDEX; Schema: public; Owner: postgres
--

CREATE INDEX django_session_expire_date_a5c62663 ON public.django_session USING btree (expire_date);


--
-- Name: django_session_session_key_c0390e0f_like; Type: INDEX; Schema: public; Owner: postgres
--

CREATE INDEX django_session_session_key_c0390e0f_like ON public.django_session USING btree (session_key varchar_pattern_ops);


--
-- Name: subscription_plan_slug_85e8a1d9_like; Type: INDEX; Schema: public; Owner: postgres
--

CREATE INDEX subscription_plan_slug_85e8a1d9_like ON public.subscription_plan USING btree (slug varchar_pattern_ops);


--
-- Name: subscriptions_usersubscription_plan_id_553a4857; Type: INDEX; Schema: public; Owner: postgres
--

CREATE INDEX subscriptions_usersubscription_plan_id_553a4857 ON public.subscriptions_usersubscription USING btree (plan_id);


--
-- Name: subscriptions_usersubscription_user_id_fd3f47a9; Type: INDEX; Schema: public; Owner: postgres
--

CREATE INDEX subscriptions_usersubscription_user_id_fd3f47a9 ON public.subscriptions_usersubscription USING btree (user_id);


--
-- Name: accounts_role accounts_role_department_id_6aeb01bd_fk_accounts_department_id; Type: FK CONSTRAINT; Schema: public; Owner: postgres
--

ALTER TABLE ONLY public.accounts_role
    ADD CONSTRAINT accounts_role_department_id_6aeb01bd_fk_accounts_department_id FOREIGN KEY (department_id) REFERENCES public.accounts_department(id) DEFERRABLE INITIALLY DEFERRED;


--
-- Name: accounts_user accounts_user_department_fk; Type: FK CONSTRAINT; Schema: public; Owner: postgres
--

ALTER TABLE ONLY public.accounts_user
    ADD CONSTRAINT accounts_user_department_fk FOREIGN KEY (department_id) REFERENCES public.accounts_department(id) ON DELETE SET NULL;


--
-- Name: accounts_user_groups accounts_user_groups_group_id_bd11a704_fk_auth_group_id; Type: FK CONSTRAINT; Schema: public; Owner: postgres
--

ALTER TABLE ONLY public.accounts_user_groups
    ADD CONSTRAINT accounts_user_groups_group_id_bd11a704_fk_auth_group_id FOREIGN KEY (group_id) REFERENCES public.auth_group(id) DEFERRABLE INITIALLY DEFERRED;


--
-- Name: accounts_user_groups accounts_user_groups_user_id_52b62117_fk_accounts_user_id; Type: FK CONSTRAINT; Schema: public; Owner: postgres
--

ALTER TABLE ONLY public.accounts_user_groups
    ADD CONSTRAINT accounts_user_groups_user_id_52b62117_fk_accounts_user_id FOREIGN KEY (user_id) REFERENCES public.accounts_user(id) DEFERRABLE INITIALLY DEFERRED;


--
-- Name: accounts_user accounts_user_role_fk; Type: FK CONSTRAINT; Schema: public; Owner: postgres
--

ALTER TABLE ONLY public.accounts_user
    ADD CONSTRAINT accounts_user_role_fk FOREIGN KEY (role_id) REFERENCES public.accounts_role(id) ON DELETE SET NULL;


--
-- Name: accounts_user accounts_user_role_id_a6dd19b0_fk_accounts_role_id; Type: FK CONSTRAINT; Schema: public; Owner: postgres
--

ALTER TABLE ONLY public.accounts_user
    ADD CONSTRAINT accounts_user_role_id_a6dd19b0_fk_accounts_role_id FOREIGN KEY (role_id) REFERENCES public.accounts_role(id) DEFERRABLE INITIALLY DEFERRED;


--
-- Name: accounts_user_user_permissions accounts_user_user_p_permission_id_113bb443_fk_auth_perm; Type: FK CONSTRAINT; Schema: public; Owner: postgres
--

ALTER TABLE ONLY public.accounts_user_user_permissions
    ADD CONSTRAINT accounts_user_user_p_permission_id_113bb443_fk_auth_perm FOREIGN KEY (permission_id) REFERENCES public.auth_permission(id) DEFERRABLE INITIALLY DEFERRED;


--
-- Name: accounts_user_user_permissions accounts_user_user_p_user_id_e4f0a161_fk_accounts_; Type: FK CONSTRAINT; Schema: public; Owner: postgres
--

ALTER TABLE ONLY public.accounts_user_user_permissions
    ADD CONSTRAINT accounts_user_user_p_user_id_e4f0a161_fk_accounts_ FOREIGN KEY (user_id) REFERENCES public.accounts_user(id) DEFERRABLE INITIALLY DEFERRED;


--
-- Name: addresses_address addresses_address_user_id_01a7dcfa_fk_accounts_user_id; Type: FK CONSTRAINT; Schema: public; Owner: postgres
--

ALTER TABLE ONLY public.addresses_address
    ADD CONSTRAINT addresses_address_user_id_01a7dcfa_fk_accounts_user_id FOREIGN KEY (user_id) REFERENCES public.accounts_user(id) DEFERRABLE INITIALLY DEFERRED;


--
-- Name: auth_group_permissions auth_group_permissio_permission_id_84c5c92e_fk_auth_perm; Type: FK CONSTRAINT; Schema: public; Owner: postgres
--

ALTER TABLE ONLY public.auth_group_permissions
    ADD CONSTRAINT auth_group_permissio_permission_id_84c5c92e_fk_auth_perm FOREIGN KEY (permission_id) REFERENCES public.auth_permission(id) DEFERRABLE INITIALLY DEFERRED;


--
-- Name: auth_group_permissions auth_group_permissions_group_id_b120cbf9_fk_auth_group_id; Type: FK CONSTRAINT; Schema: public; Owner: postgres
--

ALTER TABLE ONLY public.auth_group_permissions
    ADD CONSTRAINT auth_group_permissions_group_id_b120cbf9_fk_auth_group_id FOREIGN KEY (group_id) REFERENCES public.auth_group(id) DEFERRABLE INITIALLY DEFERRED;


--
-- Name: auth_permission auth_permission_content_type_id_2f476e4b_fk_django_co; Type: FK CONSTRAINT; Schema: public; Owner: postgres
--

ALTER TABLE ONLY public.auth_permission
    ADD CONSTRAINT auth_permission_content_type_id_2f476e4b_fk_django_co FOREIGN KEY (content_type_id) REFERENCES public.django_content_type(id) DEFERRABLE INITIALLY DEFERRED;


--
-- Name: department_permissions department_permissions_department_id_fkey; Type: FK CONSTRAINT; Schema: public; Owner: postgres
--

ALTER TABLE ONLY public.department_permissions
    ADD CONSTRAINT department_permissions_department_id_fkey FOREIGN KEY (department_id) REFERENCES public.accounts_department(id) ON DELETE CASCADE;


--
-- Name: department_permissions department_permissions_permission_id_fkey; Type: FK CONSTRAINT; Schema: public; Owner: postgres
--

ALTER TABLE ONLY public.department_permissions
    ADD CONSTRAINT department_permissions_permission_id_fkey FOREIGN KEY (permission_id) REFERENCES public.permissions(id) ON DELETE CASCADE;


--
-- Name: django_admin_log django_admin_log_content_type_id_c4bce8eb_fk_django_co; Type: FK CONSTRAINT; Schema: public; Owner: postgres
--

ALTER TABLE ONLY public.django_admin_log
    ADD CONSTRAINT django_admin_log_content_type_id_c4bce8eb_fk_django_co FOREIGN KEY (content_type_id) REFERENCES public.django_content_type(id) DEFERRABLE INITIALLY DEFERRED;


--
-- Name: django_admin_log django_admin_log_user_id_c564eba6_fk_accounts_user_id; Type: FK CONSTRAINT; Schema: public; Owner: postgres
--

ALTER TABLE ONLY public.django_admin_log
    ADD CONSTRAINT django_admin_log_user_id_c564eba6_fk_accounts_user_id FOREIGN KEY (user_id) REFERENCES public.accounts_user(id) DEFERRABLE INITIALLY DEFERRED;


--
-- Name: role_permissions role_permissions_permission_id_fkey; Type: FK CONSTRAINT; Schema: public; Owner: postgres
--

ALTER TABLE ONLY public.role_permissions
    ADD CONSTRAINT role_permissions_permission_id_fkey FOREIGN KEY (permission_id) REFERENCES public.permissions(id) ON DELETE CASCADE;


--
-- Name: role_permissions role_permissions_role_id_fkey; Type: FK CONSTRAINT; Schema: public; Owner: postgres
--

ALTER TABLE ONLY public.role_permissions
    ADD CONSTRAINT role_permissions_role_id_fkey FOREIGN KEY (role_id) REFERENCES public.accounts_role(id) ON DELETE CASCADE;


--
-- Name: subscriptions_usersubscription subscriptions_usersu_plan_id_553a4857_fk_subscript; Type: FK CONSTRAINT; Schema: public; Owner: postgres
--

ALTER TABLE ONLY public.subscriptions_usersubscription
    ADD CONSTRAINT subscriptions_usersu_plan_id_553a4857_fk_subscript FOREIGN KEY (plan_id) REFERENCES public.subscription_plan(id) DEFERRABLE INITIALLY DEFERRED;


--
-- Name: subscriptions_usersubscription subscriptions_usersu_user_id_fd3f47a9_fk_accounts_; Type: FK CONSTRAINT; Schema: public; Owner: postgres
--

ALTER TABLE ONLY public.subscriptions_usersubscription
    ADD CONSTRAINT subscriptions_usersu_user_id_fd3f47a9_fk_accounts_ FOREIGN KEY (user_id) REFERENCES public.accounts_user(id) DEFERRABLE INITIALLY DEFERRED;


--
-- Name: user_permission_override user_permission_override_permission_id_fkey; Type: FK CONSTRAINT; Schema: public; Owner: postgres
--

ALTER TABLE ONLY public.user_permission_override
    ADD CONSTRAINT user_permission_override_permission_id_fkey FOREIGN KEY (permission_id) REFERENCES public.permissions(id) ON DELETE CASCADE;


--
-- Name: user_permission_override user_permission_override_user_id_fkey; Type: FK CONSTRAINT; Schema: public; Owner: postgres
--

ALTER TABLE ONLY public.user_permission_override
    ADD CONSTRAINT user_permission_override_user_id_fkey FOREIGN KEY (user_id) REFERENCES public.accounts_user(id) ON DELETE CASCADE;


--
-- Name: viewprofile_userprofile viewprofile_userprofile_user_id_96d3ba26_fk_accounts_user_id; Type: FK CONSTRAINT; Schema: public; Owner: postgres
--

ALTER TABLE ONLY public.viewprofile_userprofile
    ADD CONSTRAINT viewprofile_userprofile_user_id_96d3ba26_fk_accounts_user_id FOREIGN KEY (user_id) REFERENCES public.accounts_user(id) DEFERRABLE INITIALLY DEFERRED;


--
-- PostgreSQL database dump complete
--

\unrestrict xJYvFnIctcXILtD9MoawptJjZy9VOn54rGkx7e3HiYn5elvfLP2yDeBwhmBSPMV

